title,city,education,experience,company,company_size,company_type,salary_text,skills,description,publish_date,link,salary_min,salary_max,salary_avg,skill_list,skill_count
Python开发工程师,北京,大专,1-3年,云创软件有限公司,少于50人,民营,面议,"linux, 爬虫, django, python, docker",Python开发工程师岗位：参与数据平台建设，保障数据质量与时效性。核心技能：linux、爬虫、django、python、docker。要求具备扎实的编程基础与数据敏感度，熟悉主流工具链，有良好的团队协作与文档习惯。,2026-08-04,https://job.example.com/42_00000,,,,"['linux', '爬虫', 'django', 'python', 'docker']",5
ETL工程师,北京,硕士,在校/应届,锐数科技有限公司,50-150人,合资,14-20K·16薪,"linux, python, 数据仓库, spark, sql",ETL工程师岗位：与产品和运营协作，输出数据专题分析报告。核心技能：linux、python、数据仓库、spark、sql。要求具备扎实的编程基础与数据敏感度，熟悉主流工具链，有良好的团队协作与文档习惯。,2026-07-14,https://job.example.com/42_00001,14.0,20.0,17.0,"['linux', 'python', '数据仓库', 'spark', 'sql']",5
Python开发工程师,上海,硕士,经验不限,锐途软件有限公司,少于50人,上市公司,16-22K·15薪,"docker, 爬虫, flask, django, python",Python开发工程师岗位：与产品和运营协作，输出数据专题分析报告。核心技能：docker、爬虫、flask、django、python。要求具备扎实的编程基础与数据敏感度，熟悉主流工具链，有良好的团队协作与文档习惯。,2026-06-09,https://job.example.com/42_00002,16.0,22.0,19.0,"['docker', '爬虫', 'flask', 'django', 'python']",5
数据分析师,深圳,不限,1-3年,海脉网络有限公司,50-150人,外资,14-18K·14薪,"python, sql, 统计学, numpy, excel",数据分析师岗位：与产品和运营协作，输出数据专题分析报告。核心技能：python、sql、统计学、numpy、excel。要求具备扎实的编程基础与数据敏感度，熟悉主流工具链，有良好的团队协作与文档习惯。,2026-08-21,https://job.example.com/42_00003,14.0,18.0,16.0,"['python', 'sql', '统计学', 'numpy', 'excel']",5
数据挖掘工程师,深圳,本科,1-3年,智脉科技有限公司,50-150人,民营,1.7-2.4万/月,"sql, 数据挖掘, pandas, 机器学习, 统计学",数据挖掘工程师岗位：负责核心算法的调研、实现与线上效果优化。核心技能：sql、数据挖掘、pandas、机器学习、统计学。要求具备扎实的编程基础与数据敏感度，熟悉主流工具链，有良好的团队协作与文档习惯。,2026-06-09,https://job.example.com/42_00004,17.0,24.0,20.5,"['sql', '数据挖掘', 'pandas', '机器学习', '统计学']",5
机器学习工程师,成都,本科,3-5年,星图智能有限公司,2000人以上,外资,1.6-2.5万/月,"tensorflow, nlp, pytorch, python, 机器学习",机器学习工程师岗位：参与数据模型设计与报表开发，支持业务决策。核心技能：tensorflow、nlp、pytorch、python、机器学习。要求具备扎实的编程基础与数据敏感度，熟悉主流工具链，有良好的团队协作与文档习惯。,2026-07-17,https://job.example.com/42_00005,16.0,25.0,20.5,"['tensorflow', 'nlp', 'pytorch', 'python', '机器学习']",5
机器学习工程师,广州,硕士,1-3年,锐途软件有限公司,500-2000人,上市公司,1.7-2.0万/月,"python, nlp, pytorch, tensorflow, 深度学习",机器学习工程师岗位：与产品和运营协作，输出数据专题分析报告。核心技能：python、nlp、pytorch、tensorflow、深度学习。要求具备扎实的编程基础与数据敏感度，熟悉主流工具链，有良好的团队协作与文档习惯。,2026-08-27,https://job.example.com/42_00006,17.0,20.0,18.5,"['python', 'nlp', 'pytorch', 'tensorflow', '深度学习']",5
Python开发工程师,杭州,不限,3-5年,云图网络有限公司,2000人以上,国企,14-21K·16薪,"docker, python, 爬虫, sql, django",Python开发工程师岗位：与产品和运营协作，输出数据专题分析报告。核心技能：docker、python、爬虫、sql、django。要求具备扎实的编程基础与数据敏感度，熟悉主流工具链，有良好的团队协作与文档习惯。,2026-08-21,https://job.example.com/42_00007,14.0,21.0,17.5,"['docker', 'python', '爬虫', 'sql', 'django']",5
数据运营,深圳,本科,1-3年,云途网络有限公司,150-500人,国企,面议,"sql, 数据分析, excel, 数据可视化, python",数据运营岗位：与产品和运营协作，输出数据专题分析报告。核心技能：sql、数据分析、excel、数据可视化、python。要求具备扎实的编程基础与数据敏感度，熟悉主流工具链，有良好的团队协作与文档习惯。,2026-06-11,https://job.example.com/42_00008,,,,"['sql', '数据分析', 'excel', '数据可视化', 'python']",5
数据产品经理,上海,不限,3-5年,锐脉智能有限公司,500-2000人,国企,1.5-2.2万/月,"需求分析, excel, 产品设计, sql, 数据可视化",数据产品经理岗位：负责核心算法的调研、实现与线上效果优化。核心技能：需求分析、excel、产品设计、sql、数据可视化。要求具备扎实的编程基础与数据敏感度，熟悉主流工具链，有良好的团队协作与文档习惯。,2026-07-22,https://job.example.com/42_00009,15.0,22.0,18.5,"['需求分析', 'excel', '产品设计', 'sql', '数据可视化']",5
算法工程师,南京,硕士,1-3年,锐创数据有限公司,2000人以上,国企,面议,"python, 算法, nlp, 数据结构, 推荐系统",算法工程师岗位：负责业务数据的采集、清洗与指标体系搭建。核心技能：python、算法、nlp、数据结构、推荐系统。要求具备扎实的编程基础与数据敏感度，熟悉主流工具链，有良好的团队协作与文档习惯。,2026-06-30,https://job.example.com/42_00010,,,,"['python', '算法', 'nlp', '数据结构', '推荐系统']",5
Python开发工程师,北京,不限,1-3年,星创数据有限公司,2000人以上,上市公司,16-25K,"python, flask, linux, docker, sql",Python开发工程师岗位：与产品和运营协作，输出数据专题分析报告。核心技能：python、flask、linux、docker、sql。要求具备扎实的编程基础与数据敏感度，熟悉主流工具链，有良好的团队协作与文档习惯。,2026-06-13,https://job.example.com/42_00011,16.0,25.0,20.5,"['python', 'flask', 'linux', 'docker', 'sql']",5
Python开发工程师,武汉,本科,1-3年,海数科技有限公司,50-150人,国企,14-19K·13薪,"sql, 爬虫, python, flask, django",Python开发工程师岗位：与产品和运营协作，输出数据专题分析报告。核心技能：sql、爬虫、python、flask、django。要求具备扎实的编程基础与数据敏感度，熟悉主流工具链，有良好的团队协作与文档习惯。,2026-06-24,https://job.example.com/42_00012,14.0,19.0,16.5,"['sql', '爬虫', 'python', 'flask', 'django']",5
大数据开发工程师,南京,本科,5-10年,智途科技有限公司,50-150人,国企,18-24K·16薪,"java, flink, hive, sql, linux",大数据开发工程师岗位：参与数据平台建设，保障数据质量与时效性。核心技能：java、flink、hive、sql、linux。要求具备扎实的编程基础与数据敏感度，熟悉主流工具链，有良好的团队协作与文档习惯。,2026-07-22,https://job.example.com/42_00013,18.0,24.0,21.0,"['java', 'flink', 'hive', 'sql', 'linux']",5
数据分析师,广州,硕士,经验不限,海图软件有限公司,50-150人,国企,13-16K·15薪,"numpy, pandas, 统计学, excel, sql",数据分析师岗位：参与数据平台建设，保障数据质量与时效性。核心技能：numpy、pandas、统计学、excel、sql。要求具备扎实的编程基础与数据敏感度，熟悉主流工具链，有良好的团队协作与文档习惯。,2026-07-11,https://job.example.com/42_00014,13.0,16.0,14.5,"['numpy', 'pandas', '统计学', 'excel', 'sql']",5
数据分析师,北京,硕士,1-3年,智帆科技有限公司,2000人以上,民营,1.8-2.7万/月,"数据可视化, 统计学, sql, python, pandas",数据分析师岗位：负责业务数据的采集、清洗与指标体系搭建。核心技能：数据可视化、统计学、sql、python、pandas。要求具备扎实的编程基础与数据敏感度，熟悉主流工具链，有良好的团队协作与文档习惯。,2026-06-16,https://job.example.com/42_00015,18.0,27.0,22.5,"['数据可视化', '统计学', 'sql', 'python', 'pandas']",5
ETL工程师,深圳,硕士,3-5年,锐创网络有限公司,150-500人,国企,2.0-2.6万/月,"sql, 数据仓库, python, spark, hive",ETL工程师岗位：参与数据平台建设，保障数据质量与时效性。核心技能：sql、数据仓库、python、spark、hive。要求具备扎实的编程基础与数据敏感度，熟悉主流工具链，有良好的团队协作与文档习惯。,2026-07-04,https://job.example.com/42_00016,20.0,26.0,23.0,"['sql', '数据仓库', 'python', 'spark', 'hive']",5
BI工程师,广州,大专,3-5年,锐创科技有限公司,少于50人,上市公司,15-20K,"powerbi, 数据可视化, excel, sql, etl",BI工程师岗位：与产品和运营协作，输出数据专题分析报告。核心技能：powerbi、数据可视化、excel、sql、etl。要求具备扎实的编程基础与数据敏感度，熟悉主流工具链，有良好的团队协作与文档习惯。,2026-06-09,https://job.example.com/42_00017,15.0,20.0,17.5,"['powerbi', '数据可视化', 'excel', 'sql', 'etl']",5
机器学习工程师,成都,本科,在校/应届,蓝图科技有限公司,50-150人,外资,面议,"tensorflow, pytorch, 深度学习, nlp, python",机器学习工程师岗位：参与数据平台建设，保障数据质量与时效性。核心技能：tensorflow、pytorch、深度学习、nlp、python。要求具备扎实的编程基础与数据敏感度，熟悉主流工具链，有良好的团队协作与文档习惯。,2026-08-10,https://job.example.com/42_00018,,,,"['tensorflow', 'pytorch', '深度学习', 'nlp', 'python']",5
数据挖掘工程师,杭州,本科,3-5年,锐合网络有限公司,少于50人,民营,18-21K,"机器学习, 统计学, 数据挖掘, spark, pandas",数据挖掘工程师岗位：负责核心算法的调研、实现与线上效果优化。核心技能：机器学习、统计学、数据挖掘、spark、pandas。要求具备扎实的编程基础与数据敏感度，熟悉主流工具链，有良好的团队协作与文档习惯。,2026-07-13,https://job.example.com/42_00019,18.0,21.0,19.5,"['机器学习', '统计学', '数据挖掘', 'spark', 'pandas']",5
数据挖掘工程师,杭州,本科,3-5年,海帆智能有限公司,少于50人,外资,16-25K,"sql, pandas, spark, python, 统计学",数据挖掘工程师岗位：负责业务数据的采集、清洗与指标体系搭建。核心技能：sql、pandas、spark、python、统计学。要求具备扎实的编程基础与数据敏感度，熟悉主流工具链，有良好的团队协作与文档习惯。,2026-06-06,https://job.example.com/42_00020,16.0,25.0,20.5,"['sql', 'pandas', 'spark', 'python', '统计学']",5
大数据开发工程师,成都,不限,5-10年,蓝脉智能有限公司,500-2000人,上市公司,1.4-1.9万/月,"java, hadoop, spark, hive, linux",大数据开发工程师岗位：负责业务数据的采集、清洗与指标体系搭建。核心技能：java、hadoop、spark、hive、linux。要求具备扎实的编程基础与数据敏感度，熟悉主流工具链，有良好的团队协作与文档习惯。,2026-06-23,https://job.example.com/42_00021,14.0,19.0,16.5,"['java', 'hadoop', 'spark', 'hive', 'linux']",5
BI工程师,北京,本科,3-5年,启脉科技有限公司,500-2000人,国企,20-28K,"powerbi, 数据可视化, tableau, etl, sql",BI工程师岗位：负责业务数据的采集、清洗与指标体系搭建。核心技能：powerbi、数据可视化、tableau、etl、sql。要求具备扎实的编程基础与数据敏感度，熟悉主流工具链，有良好的团队协作与文档习惯。,2026-06-30,https://job.example.com/42_00022,20.0,28.0,24.0,"['powerbi', '数据可视化', 'tableau', 'etl', 'sql']",5
机器学习工程师,北京,大专,在校/应届,海创软件有限公司,2000人以上,外资,1.0-1.7万/月,"tensorflow, 深度学习, pytorch, python, 机器学习",机器学习工程师岗位：负责核心算法的调研、实现与线上效果优化。核心技能：tensorflow、深度学习、pytorch、python、机器学习。要求具备扎实的编程基础与数据敏感度，熟悉主流工具链，有良好的团队协作与文档习惯。,2026-06-23,https://job.example.com/42_00023,10.0,17.0,13.5,"['tensorflow', '深度学习', 'pytorch', 'python', '机器学习']",5
ETL工程师,杭州,本科,经验不限,锐途软件有限公司,2000人以上,国企,14-17K·14薪,"数据仓库, spark, hive, python, etl",ETL工程师岗位：参与数据平台建设，保障数据质量与时效性。核心技能：数据仓库、spark、hive、python、etl。要求具备扎实的编程基础与数据敏感度，熟悉主流工具链，有良好的团队协作与文档习惯。,2026-08-08,https://job.example.com/42_00024,14.0,17.0,15.5,"['数据仓库', 'spark', 'hive', 'python', 'etl']",5
机器学习工程师,成都,硕士,经验不限,锐数软件有限公司,150-500人,合资,1.2-1.8万/月,"nlp, 深度学习, pytorch, tensorflow, python",机器学习工程师岗位：负责核心算法的调研、实现与线上效果优化。核心技能：nlp、深度学习、pytorch、tensorflow、python。要求具备扎实的编程基础与数据敏感度，熟悉主流工具链，有良好的团队协作与文档习惯。,2026-07-24,https://job.example.com/42_00025,12.0,18.0,15.0,"['nlp', '深度学习', 'pytorch', 'tensorflow', 'python']",5
BI工程师,广州,硕士,3-5年,启脉智能有限公司,2000人以上,外资,20-26K·14薪,"powerbi, 数据可视化, sql, tableau, excel",BI工程师岗位：参与数据模型设计与报表开发，支持业务决策。核心技能：powerbi、数据可视化、sql、tableau、excel。要求具备扎实的编程基础与数据敏感度，熟悉主流工具链，有良好的团队协作与文档习惯。,2026-07-31,https://job.example.com/42_00026,20.0,26.0,23.0,"['powerbi', '数据可视化', 'sql', 'tableau', 'excel']",5
数据挖掘工程师,上海,本科,3-5年,海数数据有限公司,50-150人,国企,面议,"统计学, spark, pandas, 数据挖掘, python",数据挖掘工程师岗位：参与数据模型设计与报表开发，支持业务决策。核心技能：统计学、spark、pandas、数据挖掘、python。要求具备扎实的编程基础与数据敏感度，熟悉主流工具链，有良好的团队协作与文档习惯。,2026-07-31,https://job.example.com/42_00027,,,,"['统计学', 'spark', 'pandas', '数据挖掘', 'python']",5
ETL工程师,上海,硕士,1-3年,星帆科技有限公司,少于50人,合资,19-22K·14薪,"linux, 数据仓库, etl, spark, python",ETL工程师岗位：与产品和运营协作，输出数据专题分析报告。核心技能：linux、数据仓库、etl、spark、python。要求具备扎实的编程基础与数据敏感度，熟悉主流工具链，有良好的团队协作与文档习惯。,2026-07-02,https://job.example.com/42_00028,19.0,22.0,20.5,"['linux', '数据仓库', 'etl', 'spark', 'python']",5
Python开发工程师,南京,本科,5-10年,智图智能有限公司,500-2000人,上市公司,16-26K·13薪,"sql, django, flask, docker, linux",Python开发工程师岗位：参与数据平台建设，保障数据质量与时效性。核心技能：sql、django、flask、docker、linux。要求具备扎实的编程基础与数据敏感度，熟悉主流工具链，有良好的团队协作与文档习惯。,2026-07-04,https://job.example.com/42_00029,16.0,26.0,21.0,"['sql', 'django', 'flask', 'docker', 'linux']",5
机器学习工程师,杭州,不限,5-10年,海数数据有限公司,150-500人,外资,16-21K,"pytorch, tensorflow, 机器学习, nlp, 深度学习",机器学习工程师岗位：负责业务数据的采集、清洗与指标体系搭建。核心技能：pytorch、tensorflow、机器学习、nlp、深度学习。要求具备扎实的编程基础与数据敏感度，熟悉主流工具链，有良好的团队协作与文档习惯。,2026-06-30,https://job.example.com/42_00030,16.0,21.0,18.5,"['pytorch', 'tensorflow', '机器学习', 'nlp', '深度学习']",5
BI工程师,广州,大专,在校/应届,云帆软件有限公司,500-2000人,上市公司,0.8-1.7万/月,"sql, 数据可视化, etl, tableau, powerbi",BI工程师岗位：与产品和运营协作，输出数据专题分析报告。核心技能：sql、数据可视化、etl、tableau、powerbi。要求具备扎实的编程基础与数据敏感度，熟悉主流工具链，有良好的团队协作与文档习惯。,2026-08-01,https://job.example.com/42_00031,8.0,17.0,12.5,"['sql', '数据可视化', 'etl', 'tableau', 'powerbi']",5
数据分析师,成都,本科,5-10年,蓝合软件有限公司,少于50人,合资,18-23K·16薪,"numpy, 统计学, 数据可视化, sql, excel",数据分析师岗位：参与数据模型设计与报表开发，支持业务决策。核心技能：numpy、统计学、数据可视化、sql、excel。要求具备扎实的编程基础与数据敏感度，熟悉主流工具链，有良好的团队协作与文档习惯。,2026-07-30,https://job.example.com/42_00032,18.0,23.0,20.5,"['numpy', '统计学', '数据可视化', 'sql', 'excel']",5
数据挖掘工程师,北京,硕士,3-5年,星脉软件有限公司,50-150人,民营,20-26K·13薪,"pandas, 统计学, python, spark, 数据挖掘",数据挖掘工程师岗位：与产品和运营协作，输出数据专题分析报告。核心技能：pandas、统计学、python、spark、数据挖掘。要求具备扎实的编程基础与数据敏感度，熟悉主流工具链，有良好的团队协作与文档习惯。,2026-07-12,https://job.example.com/42_00033,20.0,26.0,23.0,"['pandas', '统计学', 'python', 'spark', '数据挖掘']",5
算法工程师,武汉,本科,5-10年,海创科技有限公司,150-500人,国企,1.5-1.8万/月,"数据结构, 深度学习, 机器学习, python, 算法",算法工程师岗位：负责业务数据的采集、清洗与指标体系搭建。核心技能：数据结构、深度学习、机器学习、python、算法。要求具备扎实的编程基础与数据敏感度，熟悉主流工具链，有良好的团队协作与文档习惯。,2026-07-02,https://job.example.com/42_00034,15.0,18.0,16.5,"['数据结构', '深度学习', '机器学习', 'python', '算法']",5
机器学习工程师,北京,硕士,在校/应届,星合网络有限公司,150-500人,国企,14-19K,"机器学习, nlp, tensorflow, 深度学习, python",机器学习工程师岗位：参与数据平台建设，保障数据质量与时效性。核心技能：机器学习、nlp、tensorflow、深度学习、python。要求具备扎实的编程基础与数据敏感度，熟悉主流工具链，有良好的团队协作与文档习惯。,2026-06-14,https://job.example.com/42_00035,14.0,19.0,16.5,"['机器学习', 'nlp', 'tensorflow', '深度学习', 'python']",5
ETL工程师,北京,本科,3-5年,海脉数据有限公司,少于50人,外资,1.6-1.9万/月,"linux, spark, python, etl, sql",ETL工程师岗位：参与数据平台建设，保障数据质量与时效性。核心技能：linux、spark、python、etl、sql。要求具备扎实的编程基础与数据敏感度，熟悉主流工具链，有良好的团队协作与文档习惯。,2026-07-15,https://job.example.com/42_00036,16.0,19.0,17.5,"['linux', 'spark', 'python', 'etl', 'sql']",5
数据运营,武汉,大专,1-3年,云合网络有限公司,500-2000人,国企,11-21K·13薪,"excel, 数据分析, 数据可视化, python, sql",数据运营岗位：与产品和运营协作，输出数据专题分析报告。核心技能：excel、数据分析、数据可视化、python、sql。要求具备扎实的编程基础与数据敏感度，熟悉主流工具链，有良好的团队协作与文档习惯。,2026-07-26,https://job.example.com/42_00037,11.0,21.0,16.0,"['excel', '数据分析', '数据可视化', 'python', 'sql']",5
ETL工程师,杭州,本科,5-10年,锐创软件有限公司,150-500人,民营,20-25K·13薪,"etl, sql, hive, spark, linux",ETL工程师岗位：与产品和运营协作，输出数据专题分析报告。核心技能：etl、sql、hive、spark、linux。要求具备扎实的编程基础与数据敏感度，熟悉主流工具链，有良好的团队协作与文档习惯。,2026-06-28,https://job.example.com/42_00038,20.0,25.0,22.5,"['etl', 'sql', 'hive', 'spark', 'linux']",5
算法工程师,杭州,本科,1-3年,云帆软件有限公司,500-2000人,上市公司,1.6-2.6万/月,"推荐系统, nlp, 机器学习, python, 数据结构",算法工程师岗位：参与数据模型设计与报表开发，支持业务决策。核心技能：推荐系统、nlp、机器学习、python、数据结构。要求具备扎实的编程基础与数据敏感度，熟悉主流工具链，有良好的团队协作与文档习惯。,2026-07-28,https://job.example.com/42_00039,16.0,26.0,21.0,"['推荐系统', 'nlp', '机器学习', 'python', '数据结构']",5
数据分析师,上海,本科,在校/应届,蓝合智能有限公司,2000人以上,外资,13-21K·15薪,"numpy, excel, sql, pandas, 统计学",数据分析师岗位：参与数据平台建设，保障数据质量与时效性。核心技能：numpy、excel、sql、pandas、统计学。要求具备扎实的编程基础与数据敏感度，熟悉主流工具链，有良好的团队协作与文档习惯。,2026-07-29,https://job.example.com/42_00040,13.0,21.0,17.0,"['numpy', 'excel', 'sql', 'pandas', '统计学']",5
大数据开发工程师,杭州,本科,在校/应届,智图数据有限公司,50-150人,国企,1.2-1.9万/月,"java, linux, spark, hadoop, sql",大数据开发工程师岗位：参与数据平台建设，保障数据质量与时效性。核心技能：java、linux、spark、hadoop、sql。要求具备扎实的编程基础与数据敏感度，熟悉主流工具链，有良好的团队协作与文档习惯。,2026-06-13,https://job.example.com/42_00041,12.0,19.0,15.5,"['java', 'linux', 'spark', 'hadoop', 'sql']",5
机器学习工程师,杭州,本科,1-3年,云途智能有限公司,150-500人,国企,16-20K·16薪,"机器学习, 深度学习, python, pytorch, tensorflow",机器学习工程师岗位：负责核心算法的调研、实现与线上效果优化。核心技能：机器学习、深度学习、python、pytorch、tensorflow。要求具备扎实的编程基础与数据敏感度，熟悉主流工具链，有良好的团队协作与文档习惯。,2026-06-02,https://job.example.com/42_00042,16.0,20.0,18.0,"['机器学习', '深度学习', 'python', 'pytorch', 'tensorflow']",5
ETL工程师,杭州,硕士,1-3年,云脉科技有限公司,500-2000人,合资,面议,"spark, hive, etl, sql, 数据仓库",ETL工程师岗位：与产品和运营协作，输出数据专题分析报告。核心技能：spark、hive、etl、sql、数据仓库。要求具备扎实的编程基础与数据敏感度，熟悉主流工具链，有良好的团队协作与文档习惯。,2026-06-20,https://job.example.com/42_00043,,,,"['spark', 'hive', 'etl', 'sql', '数据仓库']",5
数据挖掘工程师,杭州,本科,在校/应届,启合网络有限公司,2000人以上,合资,10-14K·16薪,"python, pandas, sql, 机器学习, 数据挖掘",数据挖掘工程师岗位：与产品和运营协作，输出数据专题分析报告。核心技能：python、pandas、sql、机器学习、数据挖掘。要求具备扎实的编程基础与数据敏感度，熟悉主流工具链，有良好的团队协作与文档习惯。,2026-06-27,https://job.example.com/42_00044,10.0,14.0,12.0,"['python', 'pandas', 'sql', '机器学习', '数据挖掘']",5
机器学习工程师,杭州,大专,经验不限,云合软件有限公司,2000人以上,合资,10-17K·15薪,"机器学习, nlp, pytorch, 深度学习, python",机器学习工程师岗位：参与数据模型设计与报表开发，支持业务决策。核心技能：机器学习、nlp、pytorch、深度学习、python。要求具备扎实的编程基础与数据敏感度，熟悉主流工具链，有良好的团队协作与文档习惯。,2026-07-07,https://job.example.com/42_00045,10.0,17.0,13.5,"['机器学习', 'nlp', 'pytorch', '深度学习', 'python']",5
数据产品经理,上海,大专,在校/应届,星图数据有限公司,150-500人,国企,面议,"sql, 用户研究, 需求分析, 产品设计, 数据可视化",数据产品经理岗位：参与数据平台建设，保障数据质量与时效性。核心技能：sql、用户研究、需求分析、产品设计、数据可视化。要求具备扎实的编程基础与数据敏感度，熟悉主流工具链，有良好的团队协作与文档习惯。,2026-07-10,https://job.example.com/42_00046,,,,"['sql', '用户研究', '需求分析', '产品设计', '数据可视化']",5
ETL工程师,杭州,硕士,经验不限,锐合软件有限公司,少于50人,上市公司,薪资面议,"spark, linux, hive, python, etl",ETL工程师岗位：参与数据平台建设，保障数据质量与时效性。核心技能：spark、linux、hive、python、etl。要求具备扎实的编程基础与数据敏感度，熟悉主流工具链，有良好的团队协作与文档习惯。,2026-07-12,https://job.example.com/42_00047,,,,"['spark', 'linux', 'hive', 'python', 'etl']",5
ETL工程师,杭州,本科,经验不限,锐途数据有限公司,500-2000人,上市公司,1.4-1.9万/月,"etl, linux, 数据仓库, sql, hive",ETL工程师岗位：负责核心算法的调研、实现与线上效果优化。核心技能：etl、linux、数据仓库、sql、hive。要求具备扎实的编程基础与数据敏感度，熟悉主流工具链，有良好的团队协作与文档习惯。,2026-08-14,https://job.example.com/42_00048,14.0,19.0,16.5,"['etl', 'linux', '数据仓库', 'sql', 'hive']",5
BI工程师,南京,本科,1-3年,蓝合软件有限公司,150-500人,合资,1.1-2.1万/月,"powerbi, 数据可视化, excel, tableau, sql",BI工程师岗位：参与数据模型设计与报表开发，支持业务决策。核心技能：powerbi、数据可视化、excel、tableau、sql。要求具备扎实的编程基础与数据敏感度，熟悉主流工具链，有良好的团队协作与文档习惯。,2026-06-12,https://job.example.com/42_00049,11.0,21.0,16.0,"['powerbi', '数据可视化', 'excel', 'tableau', 'sql']",5
算法工程师,杭州,本科,经验不限,启合科技有限公司,50-150人,上市公司,14-24K·16薪,"数据结构, 深度学习, 推荐系统, python, 机器学习",算法工程师岗位：参与数据平台建设，保障数据质量与时效性。核心技能：数据结构、深度学习、推荐系统、python、机器学习。要求具备扎实的编程基础与数据敏感度，熟悉主流工具链，有良好的团队协作与文档习惯。,2026-06-07,https://job.example.com/42_00050,14.0,24.0,19.0,"['数据结构', '深度学习', '推荐系统', 'python', '机器学习']",5
机器学习工程师,杭州,硕士,在校/应届,智帆数据有限公司,150-500人,上市公司,薪资面议,"深度学习, tensorflow, pytorch, python, nlp",机器学习工程师岗位：参与数据平台建设，保障数据质量与时效性。核心技能：深度学习、tensorflow、pytorch、python、nlp。要求具备扎实的编程基础与数据敏感度，熟悉主流工具链，有良好的团队协作与文档习惯。,2026-06-12,https://job.example.com/42_00051,,,,"['深度学习', 'tensorflow', 'pytorch', 'python', 'nlp']",5
机器学习工程师,上海,硕士,经验不限,海数软件有限公司,500-2000人,合资,15-24K,"nlp, 机器学习, tensorflow, 深度学习, pytorch",机器学习工程师岗位：参与数据平台建设，保障数据质量与时效性。核心技能：nlp、机器学习、tensorflow、深度学习、pytorch。要求具备扎实的编程基础与数据敏感度，熟悉主流工具链，有良好的团队协作与文档习惯。,2026-08-16,https://job.example.com/42_00052,15.0,24.0,19.5,"['nlp', '机器学习', 'tensorflow', '深度学习', 'pytorch']",5
数据运营,广州,不限,经验不限,蓝图网络有限公司,2000人以上,上市公司,1.2-1.7万/月,"数据可视化, 用户增长, python, 数据分析, sql",数据运营岗位：负责业务数据的采集、清洗与指标体系搭建。核心技能：数据可视化、用户增长、python、数据分析、sql。要求具备扎实的编程基础与数据敏感度，熟悉主流工具链，有良好的团队协作与文档习惯。,2026-07-28,https://job.example.com/42_00053,12.0,17.0,14.5,"['数据可视化', '用户增长', 'python', '数据分析', 'sql']",5
数据运营,南京,本科,1-3年,海帆智能有限公司,500-2000人,国企,1.4-1.7万/月,"数据分析, python, 用户增长, sql, 数据可视化",数据运营岗位：参与数据模型设计与报表开发，支持业务决策。核心技能：数据分析、python、用户增长、sql、数据可视化。要求具备扎实的编程基础与数据敏感度，熟悉主流工具链，有良好的团队协作与文档习惯。,2026-07-11,https://job.example.com/42_00054,14.0,17.0,15.5,"['数据分析', 'python', '用户增长', 'sql', '数据可视化']",5
数据产品经理,武汉,硕士,3-5年,锐数科技有限公司,500-2000人,民营,18-21K·15薪,"excel, 需求分析, 产品设计, 数据可视化, sql",数据产品经理岗位：参与数据平台建设，保障数据质量与时效性。核心技能：excel、需求分析、产品设计、数据可视化、sql。要求具备扎实的编程基础与数据敏感度，熟悉主流工具链，有良好的团队协作与文档习惯。,2026-06-19,https://job.example.com/42_00055,18.0,21.0,19.5,"['excel', '需求分析', '产品设计', '数据可视化', 'sql']",5
BI工程师,广州,本科,1-3年,智图智能有限公司,500-2000人,外资,16-19K·14薪,"powerbi, excel, 数据可视化, etl, sql",BI工程师岗位：负责核心算法的调研、实现与线上效果优化。核心技能：powerbi、excel、数据可视化、etl、sql。要求具备扎实的编程基础与数据敏感度，熟悉主流工具链，有良好的团队协作与文档习惯。,2026-06-09,https://job.example.com/42_00056,16.0,19.0,17.5,"['powerbi', 'excel', '数据可视化', 'etl', 'sql']",5
机器学习工程师,杭州,本科,3-5年,星图网络有限公司,少于50人,民营,16-23K,"python, tensorflow, nlp, 深度学习, pytorch",机器学习工程师岗位：与产品和运营协作，输出数据专题分析报告。核心技能：python、tensorflow、nlp、深度学习、pytorch。要求具备扎实的编程基础与数据敏感度，熟悉主流工具链，有良好的团队协作与文档习惯。,2026-07-18,https://job.example.com/42_00057,16.0,23.0,19.5,"['python', 'tensorflow', 'nlp', '深度学习', 'pytorch']",5
BI工程师,广州,本科,3-5年,锐脉软件有限公司,2000人以上,国企,16-22K·13薪,"数据可视化, etl, tableau, sql, powerbi",BI工程师岗位：负责业务数据的采集、清洗与指标体系搭建。核心技能：数据可视化、etl、tableau、sql、powerbi。要求具备扎实的编程基础与数据敏感度，熟悉主流工具链，有良好的团队协作与文档习惯。,2026-08-21,https://job.example.com/42_00058,16.0,22.0,19.0,"['数据可视化', 'etl', 'tableau', 'sql', 'powerbi']",5
大数据开发工程师,南京,本科,3-5年,蓝创网络有限公司,500-2000人,外资,15-21K·13薪,"java, flink, hadoop, spark, sql",大数据开发工程师岗位：与产品和运营协作，输出数据专题分析报告。核心技能：java、flink、hadoop、spark、sql。要求具备扎实的编程基础与数据敏感度，熟悉主流工具链，有良好的团队协作与文档习惯。,2026-08-01,https://job.example.com/42_00059,15.0,21.0,18.0,"['java', 'flink', 'hadoop', 'spark', 'sql']",5
Python开发工程师,深圳,硕士,3-5年,蓝途智能有限公司,少于50人,上市公司,2.0-2.6万/月,"docker, flask, 爬虫, django, python",Python开发工程师岗位：与产品和运营协作，输出数据专题分析报告。核心技能：docker、flask、爬虫、django、python。要求具备扎实的编程基础与数据敏感度，熟悉主流工具链，有良好的团队协作与文档习惯。,2026-08-17,https://job.example.com/42_00060,20.0,26.0,23.0,"['docker', 'flask', '爬虫', 'django', 'python']",5
算法工程师,深圳,大专,在校/应届,蓝脉软件有限公司,少于50人,上市公司,10-14K,"推荐系统, 机器学习, 算法, python, nlp",算法工程师岗位：负责业务数据的采集、清洗与指标体系搭建。核心技能：推荐系统、机器学习、算法、python、nlp。要求具备扎实的编程基础与数据敏感度，熟悉主流工具链，有良好的团队协作与文档习惯。,2026-07-12,https://job.example.com/42_00061,10.0,14.0,12.0,"['推荐系统', '机器学习', '算法', 'python', 'nlp']",5
BI工程师,广州,本科,在校/应届,智数网络有限公司,少于50人,合资,1.1-1.7万/月,"etl, powerbi, excel, sql, tableau",BI工程师岗位：与产品和运营协作，输出数据专题分析报告。核心技能：etl、powerbi、excel、sql、tableau。要求具备扎实的编程基础与数据敏感度，熟悉主流工具链，有良好的团队协作与文档习惯。,2026-08-26,https://job.example.com/42_00062,11.0,17.0,14.0,"['etl', 'powerbi', 'excel', 'sql', 'tableau']",5
BI工程师,成都,本科,5-10年,蓝图网络有限公司,2000人以上,合资,1.8-2.2万/月,"数据可视化, sql, powerbi, excel, etl",BI工程师岗位：与产品和运营协作，输出数据专题分析报告。核心技能：数据可视化、sql、powerbi、excel、etl。要求具备扎实的编程基础与数据敏感度，熟悉主流工具链，有良好的团队协作与文档习惯。,2026-08-26,https://job.example.com/42_00063,18.0,22.0,20.0,"['数据可视化', 'sql', 'powerbi', 'excel', 'etl']",5
机器学习工程师,南京,本科,3-5年,海数软件有限公司,少于50人,国企,面议,"pytorch, 深度学习, 机器学习, nlp, python",机器学习工程师岗位：与产品和运营协作，输出数据专题分析报告。核心技能：pytorch、深度学习、机器学习、nlp、python。要求具备扎实的编程基础与数据敏感度，熟悉主流工具链，有良好的团队协作与文档习惯。,2026-07-09,https://job.example.com/42_00064,,,,"['pytorch', '深度学习', '机器学习', 'nlp', 'python']",5
数据产品经理,上海,本科,在校/应届,启创数据有限公司,500-2000人,民营,1.4-2.1万/月,"用户研究, 需求分析, 产品设计, excel, sql",数据产品经理岗位：参与数据平台建设，保障数据质量与时效性。核心技能：用户研究、需求分析、产品设计、excel、sql。要求具备扎实的编程基础与数据敏感度，熟悉主流工具链，有良好的团队协作与文档习惯。,2026-06-05,https://job.example.com/42_00065,14.0,21.0,17.5,"['用户研究', '需求分析', '产品设计', 'excel', 'sql']",5
算法工程师,深圳,硕士,1-3年,云合网络有限公司,50-150人,民营,1.9-2.3万/月,"算法, 机器学习, python, nlp, 深度学习",算法工程师岗位：负责核心算法的调研、实现与线上效果优化。核心技能：算法、机器学习、python、nlp、深度学习。要求具备扎实的编程基础与数据敏感度，熟悉主流工具链，有良好的团队协作与文档习惯。,2026-08-24,https://job.example.com/42_00066,19.0,23.0,21.0,"['算法', '机器学习', 'python', 'nlp', '深度学习']",5
机器学习工程师,北京,本科,5-10年,智脉智能有限公司,50-150人,上市公司,20-28K·16薪,"深度学习, 机器学习, pytorch, nlp, python",机器学习工程师岗位：负责业务数据的采集、清洗与指标体系搭建。核心技能：深度学习、机器学习、pytorch、nlp、python。要求具备扎实的编程基础与数据敏感度，熟悉主流工具链，有良好的团队协作与文档习惯。,2026-06-19,https://job.example.com/42_00067,20.0,28.0,24.0,"['深度学习', '机器学习', 'pytorch', 'nlp', 'python']",5
ETL工程师,北京,本科,5-10年,海脉科技有限公司,50-150人,民营,20-28K,"etl, python, 数据仓库, hive, sql",ETL工程师岗位：负责业务数据的采集、清洗与指标体系搭建。核心技能：etl、python、数据仓库、hive、sql。要求具备扎实的编程基础与数据敏感度，熟悉主流工具链，有良好的团队协作与文档习惯。,2026-06-23,https://job.example.com/42_00068,20.0,28.0,24.0,"['etl', 'python', '数据仓库', 'hive', 'sql']",5
大数据开发工程师,北京,本科,3-5年,智数智能有限公司,2000人以上,民营,18-21K·15薪,"flink, hive, java, linux, spark",大数据开发工程师岗位：与产品和运营协作，输出数据专题分析报告。核心技能：flink、hive、java、linux、spark。要求具备扎实的编程基础与数据敏感度，熟悉主流工具链，有良好的团队协作与文档习惯。,2026-08-24,https://job.example.com/42_00069,18.0,21.0,19.5,"['flink', 'hive', 'java', 'linux', 'spark']",5
数据运营,杭州,硕士,3-5年,启图软件有限公司,少于50人,民营,18-22K,"excel, python, 用户增长, sql, 数据可视化",数据运营岗位：负责业务数据的采集、清洗与指标体系搭建。核心技能：excel、python、用户增长、sql、数据可视化。要求具备扎实的编程基础与数据敏感度，熟悉主流工具链，有良好的团队协作与文档习惯。,2026-07-06,https://job.example.com/42_00070,18.0,22.0,20.0,"['excel', 'python', '用户增长', 'sql', '数据可视化']",5
ETL工程师,成都,硕士,3-5年,智图智能有限公司,50-150人,合资,16-25K,"数据仓库, hive, spark, python, sql",ETL工程师岗位：负责业务数据的采集、清洗与指标体系搭建。核心技能：数据仓库、hive、spark、python、sql。要求具备扎实的编程基础与数据敏感度，熟悉主流工具链，有良好的团队协作与文档习惯。,2026-07-29,https://job.example.com/42_00071,16.0,25.0,20.5,"['数据仓库', 'hive', 'spark', 'python', 'sql']",5
BI工程师,武汉,大专,经验不限,星图软件有限公司,少于50人,民营,0.7-1.6万/月,"powerbi, 数据可视化, excel, etl, tableau",BI工程师岗位：负责核心算法的调研、实现与线上效果优化。核心技能：powerbi、数据可视化、excel、etl、tableau。要求具备扎实的编程基础与数据敏感度，熟悉主流工具链，有良好的团队协作与文档习惯。,2026-06-13,https://job.example.com/42_00072,7.0,16.0,11.5,"['powerbi', '数据可视化', 'excel', 'etl', 'tableau']",5
算法工程师,广州,硕士,经验不限,启数软件有限公司,少于50人,外资,15-19K·14薪,"推荐系统, 数据结构, nlp, 机器学习, 深度学习",算法工程师岗位：负责业务数据的采集、清洗与指标体系搭建。核心技能：推荐系统、数据结构、nlp、机器学习、深度学习。要求具备扎实的编程基础与数据敏感度，熟悉主流工具链，有良好的团队协作与文档习惯。,2026-08-04,https://job.example.com/42_00073,15.0,19.0,17.0,"['推荐系统', '数据结构', 'nlp', '机器学习', '深度学习']",5
机器学习工程师,广州,大专,1-3年,智数智能有限公司,50-150人,合资,1.1-1.8万/月,"机器学习, python, 深度学习, tensorflow, nlp",机器学习工程师岗位：负责业务数据的采集、清洗与指标体系搭建。核心技能：机器学习、python、深度学习、tensorflow、nlp。要求具备扎实的编程基础与数据敏感度，熟悉主流工具链，有良好的团队协作与文档习惯。,2026-06-04,https://job.example.com/42_00074,11.0,18.0,14.5,"['机器学习', 'python', '深度学习', 'tensorflow', 'nlp']",5
数据挖掘工程师,杭州,大专,5-10年,锐图软件有限公司,少于50人,国企,1.6-2.0万/月,"数据挖掘, spark, 统计学, python, sql",数据挖掘工程师岗位：参与数据模型设计与报表开发，支持业务决策。核心技能：数据挖掘、spark、统计学、python、sql。要求具备扎实的编程基础与数据敏感度，熟悉主流工具链，有良好的团队协作与文档习惯。,2026-08-07,https://job.example.com/42_00075,16.0,20.0,18.0,"['数据挖掘', 'spark', '统计学', 'python', 'sql']",5
机器学习工程师,武汉,硕士,1-3年,锐途科技有限公司,50-150人,国企,1.3-1.7万/月,"深度学习, 机器学习, nlp, pytorch, tensorflow",机器学习工程师岗位：参与数据平台建设，保障数据质量与时效性。核心技能：深度学习、机器学习、nlp、pytorch、tensorflow。要求具备扎实的编程基础与数据敏感度，熟悉主流工具链，有良好的团队协作与文档习惯。,2026-07-05,https://job.example.com/42_00076,13.0,17.0,15.0,"['深度学习', '机器学习', 'nlp', 'pytorch', 'tensorflow']",5
数据产品经理,武汉,硕士,3-5年,启途网络有限公司,2000人以上,合资,17-20K,"产品设计, excel, sql, 数据可视化, 用户研究",数据产品经理岗位：负责核心算法的调研、实现与线上效果优化。核心技能：产品设计、excel、sql、数据可视化、用户研究。要求具备扎实的编程基础与数据敏感度，熟悉主流工具链，有良好的团队协作与文档习惯。,2026-07-21,https://job.example.com/42_00077,17.0,20.0,18.5,"['产品设计', 'excel', 'sql', '数据可视化', '用户研究']",5
ETL工程师,北京,本科,在校/应届,云途软件有限公司,500-2000人,国企,面议,"hive, etl, linux, python, 数据仓库",ETL工程师岗位：负责核心算法的调研、实现与线上效果优化。核心技能：hive、etl、linux、python、数据仓库。要求具备扎实的编程基础与数据敏感度，熟悉主流工具链，有良好的团队协作与文档习惯。,2026-08-04,https://job.example.com/42_00078,,,,"['hive', 'etl', 'linux', 'python', '数据仓库']",5
数据运营,成都,本科,1-3年,智数智能有限公司,500-2000人,上市公司,14-21K,"python, excel, 用户增长, 数据分析, sql",数据运营岗位：负责业务数据的采集、清洗与指标体系搭建。核心技能：python、excel、用户增长、数据分析、sql。要求具备扎实的编程基础与数据敏感度，熟悉主流工具链，有良好的团队协作与文档习惯。,2026-07-22,https://job.example.com/42_00079,14.0,21.0,17.5,"['python', 'excel', '用户增长', '数据分析', 'sql']",5
数据分析师,成都,本科,5-10年,星合智能有限公司,500-2000人,上市公司,薪资面议,"数据可视化, numpy, pandas, python, sql",数据分析师岗位：负责业务数据的采集、清洗与指标体系搭建。核心技能：数据可视化、numpy、pandas、python、sql。要求具备扎实的编程基础与数据敏感度，熟悉主流工具链，有良好的团队协作与文档习惯。,2026-07-14,https://job.example.com/42_00080,,,,"['数据可视化', 'numpy', 'pandas', 'python', 'sql']",5
机器学习工程师,成都,不限,在校/应届,蓝图数据有限公司,50-150人,民营,面议,"python, pytorch, nlp, 深度学习, tensorflow",机器学习工程师岗位：负责核心算法的调研、实现与线上效果优化。核心技能：python、pytorch、nlp、深度学习、tensorflow。要求具备扎实的编程基础与数据敏感度，熟悉主流工具链，有良好的团队协作与文档习惯。,2026-06-23,https://job.example.com/42_00081,,,,"['python', 'pytorch', 'nlp', '深度学习', 'tensorflow']",5
ETL工程师,广州,不限,5-10年,智创软件有限公司,2000人以上,上市公司,17-22K·13薪,"linux, sql, etl, spark, 数据仓库",ETL工程师岗位：参与数据平台建设，保障数据质量与时效性。核心技能：linux、sql、etl、spark、数据仓库。要求具备扎实的编程基础与数据敏感度，熟悉主流工具链，有良好的团队协作与文档习惯。,2026-06-09,https://job.example.com/42_00082,17.0,22.0,19.5,"['linux', 'sql', 'etl', 'spark', '数据仓库']",5
数据产品经理,南京,大专,1-3年,启合科技有限公司,少于50人,外资,0.9-1.3万/月,"sql, 用户研究, 数据可视化, 需求分析, 产品设计",数据产品经理岗位：负责核心算法的调研、实现与线上效果优化。核心技能：sql、用户研究、数据可视化、需求分析、产品设计。要求具备扎实的编程基础与数据敏感度，熟悉主流工具链，有良好的团队协作与文档习惯。,2026-08-18,https://job.example.com/42_00083,9.0,13.0,11.0,"['sql', '用户研究', '数据可视化', '需求分析', '产品设计']",5
ETL工程师,武汉,硕士,3-5年,蓝创软件有限公司,2000人以上,国企,1.8-2.2万/月,"数据仓库, linux, sql, spark, hive",ETL工程师岗位：参与数据模型设计与报表开发，支持业务决策。核心技能：数据仓库、linux、sql、spark、hive。要求具备扎实的编程基础与数据敏感度，熟悉主流工具链，有良好的团队协作与文档习惯。,2026-07-14,https://job.example.com/42_00084,18.0,22.0,20.0,"['数据仓库', 'linux', 'sql', 'spark', 'hive']",5
Python开发工程师,广州,本科,在校/应届,蓝合软件有限公司,150-500人,上市公司,薪资面议,"django, sql, 爬虫, linux, flask",Python开发工程师岗位：负责核心算法的调研、实现与线上效果优化。核心技能：django、sql、爬虫、linux、flask。要求具备扎实的编程基础与数据敏感度，熟悉主流工具链，有良好的团队协作与文档习惯。,2026-06-09,https://job.example.com/42_00085,,,,"['django', 'sql', '爬虫', 'linux', 'flask']",5
算法工程师,上海,硕士,3-5年,锐图数据有限公司,150-500人,外资,2.1-2.6万/月,"深度学习, 机器学习, nlp, 算法, 数据结构",算法工程师岗位：负责业务数据的采集、清洗与指标体系搭建。核心技能：深度学习、机器学习、nlp、算法、数据结构。要求具备扎实的编程基础与数据敏感度，熟悉主流工具链，有良好的团队协作与文档习惯。,2026-08-16,https://job.example.com/42_00086,21.0,26.0,23.5,"['深度学习', '机器学习', 'nlp', '算法', '数据结构']",5
Python开发工程师,杭州,硕士,1-3年,锐数科技有限公司,150-500人,外资,16-24K·16薪,"django, docker, linux, python, 爬虫",Python开发工程师岗位：与产品和运营协作，输出数据专题分析报告。核心技能：django、docker、linux、python、爬虫。要求具备扎实的编程基础与数据敏感度，熟悉主流工具链，有良好的团队协作与文档习惯。,2026-08-02,https://job.example.com/42_00087,16.0,24.0,20.0,"['django', 'docker', 'linux', 'python', '爬虫']",5
机器学习工程师,深圳,本科,在校/应届,智创数据有限公司,2000人以上,合资,12-17K·15薪,"python, 深度学习, nlp, pytorch, tensorflow",机器学习工程师岗位：负责核心算法的调研、实现与线上效果优化。核心技能：python、深度学习、nlp、pytorch、tensorflow。要求具备扎实的编程基础与数据敏感度，熟悉主流工具链，有良好的团队协作与文档习惯。,2026-07-27,https://job.example.com/42_00088,12.0,17.0,14.5,"['python', '深度学习', 'nlp', 'pytorch', 'tensorflow']",5
数据分析师,武汉,本科,3-5年,星创数据有限公司,150-500人,合资,1.4-2.2万/月,"excel, sql, numpy, pandas, 数据可视化",数据分析师岗位：与产品和运营协作，输出数据专题分析报告。核心技能：excel、sql、numpy、pandas、数据可视化。要求具备扎实的编程基础与数据敏感度，熟悉主流工具链，有良好的团队协作与文档习惯。,2026-08-26,https://job.example.com/42_00089,14.0,22.0,18.0,"['excel', 'sql', 'numpy', 'pandas', '数据可视化']",5
ETL工程师,南京,硕士,5-10年,智创数据有限公司,150-500人,民营,19-23K·15薪,"hive, spark, 数据仓库, linux, sql",ETL工程师岗位：参与数据模型设计与报表开发，支持业务决策。核心技能：hive、spark、数据仓库、linux、sql。要求具备扎实的编程基础与数据敏感度，熟悉主流工具链，有良好的团队协作与文档习惯。,2026-08-06,https://job.example.com/42_00090,19.0,23.0,21.0,"['hive', 'spark', '数据仓库', 'linux', 'sql']",5
Python开发工程师,杭州,本科,5-10年,星脉软件有限公司,150-500人,民营,20-28K,"linux, docker, sql, 爬虫, flask",Python开发工程师岗位：负责业务数据的采集、清洗与指标体系搭建。核心技能：linux、docker、sql、爬虫、flask。要求具备扎实的编程基础与数据敏感度，熟悉主流工具链，有良好的团队协作与文档习惯。,2026-07-20,https://job.example.com/42_00091,20.0,28.0,24.0,"['linux', 'docker', 'sql', '爬虫', 'flask']",5
Python开发工程师,成都,本科,经验不限,蓝脉软件有限公司,50-150人,合资,10-14K,"docker, python, 爬虫, linux, django",Python开发工程师岗位：负责业务数据的采集、清洗与指标体系搭建。核心技能：docker、python、爬虫、linux、django。要求具备扎实的编程基础与数据敏感度，熟悉主流工具链，有良好的团队协作与文档习惯。,2026-07-03,https://job.example.com/42_00092,10.0,14.0,12.0,"['docker', 'python', '爬虫', 'linux', 'django']",5
机器学习工程师,广州,硕士,3-5年,蓝途科技有限公司,50-150人,合资,20-24K,"pytorch, nlp, tensorflow, python, 机器学习",机器学习工程师岗位：参与数据模型设计与报表开发，支持业务决策。核心技能：pytorch、nlp、tensorflow、python、机器学习。要求具备扎实的编程基础与数据敏感度，熟悉主流工具链，有良好的团队协作与文档习惯。,2026-08-03,https://job.example.com/42_00093,20.0,24.0,22.0,"['pytorch', 'nlp', 'tensorflow', 'python', '机器学习']",5
ETL工程师,北京,大专,3-5年,锐数数据有限公司,2000人以上,合资,14-22K,"数据仓库, etl, linux, hive, python",ETL工程师岗位：负责业务数据的采集、清洗与指标体系搭建。核心技能：数据仓库、etl、linux、hive、python。要求具备扎实的编程基础与数据敏感度，熟悉主流工具链，有良好的团队协作与文档习惯。,2026-08-07,https://job.example.com/42_00094,14.0,22.0,18.0,"['数据仓库', 'etl', 'linux', 'hive', 'python']",5
数据运营,北京,硕士,5-10年,蓝脉科技有限公司,150-500人,国企,2.0-2.8万/月,"用户增长, excel, python, sql, 数据可视化",数据运营岗位：负责业务数据的采集、清洗与指标体系搭建。核心技能：用户增长、excel、python、sql、数据可视化。要求具备扎实的编程基础与数据敏感度，熟悉主流工具链，有良好的团队协作与文档习惯。,2026-06-18,https://job.example.com/42_00095,20.0,28.0,24.0,"['用户增长', 'excel', 'python', 'sql', '数据可视化']",5
数据分析师,成都,硕士,1-3年,海帆数据有限公司,少于50人,合资,面议,"统计学, excel, sql, numpy, pandas",数据分析师岗位：与产品和运营协作，输出数据专题分析报告。核心技能：统计学、excel、sql、numpy、pandas。要求具备扎实的编程基础与数据敏感度，熟悉主流工具链，有良好的团队协作与文档习惯。,2026-06-06,https://job.example.com/42_00096,,,,"['统计学', 'excel', 'sql', 'numpy', 'pandas']",5
机器学习工程师,北京,本科,1-3年,蓝数科技有限公司,150-500人,外资,薪资面议,"pytorch, tensorflow, nlp, 机器学习, python",机器学习工程师岗位：参与数据模型设计与报表开发，支持业务决策。核心技能：pytorch、tensorflow、nlp、机器学习、python。要求具备扎实的编程基础与数据敏感度，熟悉主流工具链，有良好的团队协作与文档习惯。,2026-07-26,https://job.example.com/42_00097,,,,"['pytorch', 'tensorflow', 'nlp', '机器学习', 'python']",5
BI工程师,南京,硕士,1-3年,海合科技有限公司,500-2000人,上市公司,1.4-2.1万/月,"tableau, 数据可视化, etl, excel, powerbi",BI工程师岗位：负责业务数据的采集、清洗与指标体系搭建。核心技能：tableau、数据可视化、etl、excel、powerbi。要求具备扎实的编程基础与数据敏感度，熟悉主流工具链，有良好的团队协作与文档习惯。,2026-07-12,https://job.example.com/42_00098,14.0,21.0,17.5,"['tableau', '数据可视化', 'etl', 'excel', 'powerbi']",5
Python开发工程师,上海,本科,3-5年,蓝合科技有限公司,150-500人,上市公司,1.8-2.1万/月,"docker, 爬虫, sql, flask, python",Python开发工程师岗位：与产品和运营协作，输出数据专题分析报告。核心技能：docker、爬虫、sql、flask、python。要求具备扎实的编程基础与数据敏感度，熟悉主流工具链，有良好的团队协作与文档习惯。,2026-06-10,https://job.example.com/42_00099,18.0,21.0,19.5,"['docker', '爬虫', 'sql', 'flask', 'python']",5
BI工程师,成都,硕士,5-10年,星途数据有限公司,150-500人,外资,18-23K·15薪,"excel, tableau, sql, 数据可视化, etl",BI工程师岗位：负责业务数据的采集、清洗与指标体系搭建。核心技能：excel、tableau、sql、数据可视化、etl。要求具备扎实的编程基础与数据敏感度，熟悉主流工具链，有良好的团队协作与文档习惯。,2026-07-28,https://job.example.com/42_00100,18.0,23.0,20.5,"['excel', 'tableau', 'sql', '数据可视化', 'etl']",5
算法工程师,成都,硕士,5-10年,海数数据有限公司,少于50人,民营,2.0-2.9万/月,"python, 推荐系统, 算法, 机器学习, nlp",算法工程师岗位：负责核心算法的调研、实现与线上效果优化。核心技能：python、推荐系统、算法、机器学习、nlp。要求具备扎实的编程基础与数据敏感度，熟悉主流工具链，有良好的团队协作与文档习惯。,2026-08-11,https://job.example.com/42_00101,20.0,29.0,24.5,"['python', '推荐系统', '算法', '机器学习', 'nlp']",5
Python开发工程师,杭州,不限,1-3年,星途数据有限公司,少于50人,合资,14-18K·16薪,"django, sql, linux, docker, 爬虫",Python开发工程师岗位：与产品和运营协作，输出数据专题分析报告。核心技能：django、sql、linux、docker、爬虫。要求具备扎实的编程基础与数据敏感度，熟悉主流工具链，有良好的团队协作与文档习惯。,2026-08-27,https://job.example.com/42_00102,14.0,18.0,16.0,"['django', 'sql', 'linux', 'docker', '爬虫']",5
算法工程师,成都,大专,经验不限,智数智能有限公司,50-150人,民营,0.8-1.4万/月,"推荐系统, 数据结构, 机器学习, nlp, python",算法工程师岗位：参与数据模型设计与报表开发，支持业务决策。核心技能：推荐系统、数据结构、机器学习、nlp、python。要求具备扎实的编程基础与数据敏感度，熟悉主流工具链，有良好的团队协作与文档习惯。,2026-08-03,https://job.example.com/42_00103,8.0,14.0,11.0,"['推荐系统', '数据结构', '机器学习', 'nlp', 'python']",5
数据分析师,成都,硕士,3-5年,云数软件有限公司,500-2000人,上市公司,18-22K,"pandas, numpy, 数据可视化, sql, 统计学",数据分析师岗位：负责业务数据的采集、清洗与指标体系搭建。核心技能：pandas、numpy、数据可视化、sql、统计学。要求具备扎实的编程基础与数据敏感度，熟悉主流工具链，有良好的团队协作与文档习惯。,2026-07-11,https://job.example.com/42_00104,18.0,22.0,20.0,"['pandas', 'numpy', '数据可视化', 'sql', '统计学']",5
Python开发工程师,南京,硕士,3-5年,锐脉科技有限公司,少于50人,上市公司,16-21K,"flask, docker, linux, 爬虫, python",Python开发工程师岗位：与产品和运营协作，输出数据专题分析报告。核心技能：flask、docker、linux、爬虫、python。要求具备扎实的编程基础与数据敏感度，熟悉主流工具链，有良好的团队协作与文档习惯。,2026-08-30,https://job.example.com/42_00105,16.0,21.0,18.5,"['flask', 'docker', 'linux', '爬虫', 'python']",5
机器学习工程师,成都,硕士,1-3年,海数智能有限公司,2000人以上,民营,14-19K,"python, 深度学习, 机器学习, pytorch, tensorflow",机器学习工程师岗位：参与数据模型设计与报表开发，支持业务决策。核心技能：python、深度学习、机器学习、pytorch、tensorflow。要求具备扎实的编程基础与数据敏感度，熟悉主流工具链，有良好的团队协作与文档习惯。,2026-08-24,https://job.example.com/42_00106,14.0,19.0,16.5,"['python', '深度学习', '机器学习', 'pytorch', 'tensorflow']",5
ETL工程师,成都,不限,3-5年,蓝图数据有限公司,2000人以上,合资,12-22K·15薪,"sql, python, linux, 数据仓库, hive",ETL工程师岗位：参与数据平台建设，保障数据质量与时效性。核心技能：sql、python、linux、数据仓库、hive。要求具备扎实的编程基础与数据敏感度，熟悉主流工具链，有良好的团队协作与文档习惯。,2026-08-09,https://job.example.com/42_00107,12.0,22.0,17.0,"['sql', 'python', 'linux', '数据仓库', 'hive']",5
大数据开发工程师,杭州,硕士,在校/应届,海途数据有限公司,500-2000人,合资,14-22K·14薪,"sql, linux, flink, hadoop, spark",大数据开发工程师岗位：负责业务数据的采集、清洗与指标体系搭建。核心技能：sql、linux、flink、hadoop、spark。要求具备扎实的编程基础与数据敏感度，熟悉主流工具链，有良好的团队协作与文档习惯。,2026-06-19,https://job.example.com/42_00108,14.0,22.0,18.0,"['sql', 'linux', 'flink', 'hadoop', 'spark']",5
算法工程师,成都,大专,5-10年,云数数据有限公司,500-2000人,民营,14-19K,"机器学习, 深度学习, 算法, 数据结构, nlp",算法工程师岗位：参与数据平台建设，保障数据质量与时效性。核心技能：机器学习、深度学习、算法、数据结构、nlp。要求具备扎实的编程基础与数据敏感度，熟悉主流工具链，有良好的团队协作与文档习惯。,2026-06-07,https://job.example.com/42_00109,14.0,19.0,16.5,"['机器学习', '深度学习', '算法', '数据结构', 'nlp']",5
大数据开发工程师,武汉,不限,3-5年,星脉数据有限公司,500-2000人,上市公司,13-23K,"flink, spark, linux, hadoop, sql",大数据开发工程师岗位：负责核心算法的调研、实现与线上效果优化。核心技能：flink、spark、linux、hadoop、sql。要求具备扎实的编程基础与数据敏感度，熟悉主流工具链，有良好的团队协作与文档习惯。,2026-06-12,https://job.example.com/42_00110,13.0,23.0,18.0,"['flink', 'spark', 'linux', 'hadoop', 'sql']",5
BI工程师,南京,本科,在校/应届,锐脉软件有限公司,150-500人,上市公司,面议,"etl, powerbi, sql, 数据可视化, tableau",BI工程师岗位：与产品和运营协作，输出数据专题分析报告。核心技能：etl、powerbi、sql、数据可视化、tableau。要求具备扎实的编程基础与数据敏感度，熟悉主流工具链，有良好的团队协作与文档习惯。,2026-07-26,https://job.example.com/42_00111,,,,"['etl', 'powerbi', 'sql', '数据可视化', 'tableau']",5
数据挖掘工程师,杭州,大专,1-3年,锐创数据有限公司,150-500人,上市公司,14-24K·16薪,"spark, sql, 数据挖掘, python, 机器学习",数据挖掘工程师岗位：负责业务数据的采集、清洗与指标体系搭建。核心技能：spark、sql、数据挖掘、python、机器学习。要求具备扎实的编程基础与数据敏感度，熟悉主流工具链，有良好的团队协作与文档习惯。,2026-08-10,https://job.example.com/42_00112,14.0,24.0,19.0,"['spark', 'sql', '数据挖掘', 'python', '机器学习']",5
大数据开发工程师,上海,本科,经验不限,锐创软件有限公司,2000人以上,民营,面议,"flink, hadoop, linux, hive, java",大数据开发工程师岗位：参与数据模型设计与报表开发，支持业务决策。核心技能：flink、hadoop、linux、hive、java。要求具备扎实的编程基础与数据敏感度，熟悉主流工具链，有良好的团队协作与文档习惯。,2026-07-13,https://job.example.com/42_00113,,,,"['flink', 'hadoop', 'linux', 'hive', 'java']",5
数据产品经理,南京,本科,3-5年,启创网络有限公司,2000人以上,外资,16-23K·13薪,"用户研究, 需求分析, sql, 产品设计, excel",数据产品经理岗位：参与数据模型设计与报表开发，支持业务决策。核心技能：用户研究、需求分析、sql、产品设计、excel。要求具备扎实的编程基础与数据敏感度，熟悉主流工具链，有良好的团队协作与文档习惯。,2026-06-03,https://job.example.com/42_00114,16.0,23.0,19.5,"['用户研究', '需求分析', 'sql', '产品设计', 'excel']",5
算法工程师,成都,大专,经验不限,蓝图智能有限公司,2000人以上,国企,1.0-1.5万/月,"深度学习, 推荐系统, 机器学习, python, nlp",算法工程师岗位：与产品和运营协作，输出数据专题分析报告。核心技能：深度学习、推荐系统、机器学习、python、nlp。要求具备扎实的编程基础与数据敏感度，熟悉主流工具链，有良好的团队协作与文档习惯。,2026-08-07,https://job.example.com/42_00115,10.0,15.0,12.5,"['深度学习', '推荐系统', '机器学习', 'python', 'nlp']",5
ETL工程师,武汉,本科,5-10年,启数软件有限公司,50-150人,合资,1.8-2.8万/月,"linux, etl, sql, 数据仓库, spark",ETL工程师岗位：负责业务数据的采集、清洗与指标体系搭建。核心技能：linux、etl、sql、数据仓库、spark。要求具备扎实的编程基础与数据敏感度，熟悉主流工具链，有良好的团队协作与文档习惯。,2026-06-08,https://job.example.com/42_00116,18.0,28.0,23.0,"['linux', 'etl', 'sql', '数据仓库', 'spark']",5
数据挖掘工程师,深圳,硕士,1-3年,启创网络有限公司,2000人以上,外资,1.8-2.8万/月,"统计学, sql, pandas, spark, 机器学习",数据挖掘工程师岗位：参与数据模型设计与报表开发，支持业务决策。核心技能：统计学、sql、pandas、spark、机器学习。要求具备扎实的编程基础与数据敏感度，熟悉主流工具链，有良好的团队协作与文档习惯。,2026-06-25,https://job.example.com/42_00117,18.0,28.0,23.0,"['统计学', 'sql', 'pandas', 'spark', '机器学习']",5
机器学习工程师,杭州,硕士,1-3年,蓝合网络有限公司,2000人以上,外资,18-27K·16薪,"机器学习, 深度学习, pytorch, tensorflow, python",机器学习工程师岗位：与产品和运营协作，输出数据专题分析报告。核心技能：机器学习、深度学习、pytorch、tensorflow、python。要求具备扎实的编程基础与数据敏感度，熟悉主流工具链，有良好的团队协作与文档习惯。,2026-07-15,https://job.example.com/42_00118,18.0,27.0,22.5,"['机器学习', '深度学习', 'pytorch', 'tensorflow', 'python']",5
数据挖掘工程师,杭州,本科,1-3年,海合数据有限公司,50-150人,上市公司,16-21K,"统计学, python, 数据挖掘, sql, pandas",数据挖掘工程师岗位：负责核心算法的调研、实现与线上效果优化。核心技能：统计学、python、数据挖掘、sql、pandas。要求具备扎实的编程基础与数据敏感度，熟悉主流工具链，有良好的团队协作与文档习惯。,2026-08-18,https://job.example.com/42_00119,16.0,21.0,18.5,"['统计学', 'python', '数据挖掘', 'sql', 'pandas']",5
ETL工程师,深圳,本科,经验不限,启数软件有限公司,少于50人,国企,面议,"linux, 数据仓库, etl, python, sql",ETL工程师岗位：负责业务数据的采集、清洗与指标体系搭建。核心技能：linux、数据仓库、etl、python、sql。要求具备扎实的编程基础与数据敏感度，熟悉主流工具链，有良好的团队协作与文档习惯。,2026-07-23,https://job.example.com/42_00120,,,,"['linux', '数据仓库', 'etl', 'python', 'sql']",5
数据产品经理,南京,大专,在校/应届,海创数据有限公司,2000人以上,民营,0.7-1.6万/月,"sql, excel, 用户研究, 产品设计, 数据可视化",数据产品经理岗位：负责业务数据的采集、清洗与指标体系搭建。核心技能：sql、excel、用户研究、产品设计、数据可视化。要求具备扎实的编程基础与数据敏感度，熟悉主流工具链，有良好的团队协作与文档习惯。,2026-06-23,https://job.example.com/42_00121,7.0,16.0,11.5,"['sql', 'excel', '用户研究', '产品设计', '数据可视化']",5
数据分析师,武汉,不限,1-3年,锐创科技有限公司,150-500人,外资,12-17K·16薪,"sql, excel, pandas, python, numpy",数据分析师岗位：负责核心算法的调研、实现与线上效果优化。核心技能：sql、excel、pandas、python、numpy。要求具备扎实的编程基础与数据敏感度，熟悉主流工具链，有良好的团队协作与文档习惯。,2026-08-04,https://job.example.com/42_00122,12.0,17.0,14.5,"['sql', 'excel', 'pandas', 'python', 'numpy']",5
数据产品经理,杭州,本科,5-10年,海帆科技有限公司,150-500人,外资,18-23K·14薪,"数据可视化, sql, 需求分析, 用户研究, 产品设计",数据产品经理岗位：负责核心算法的调研、实现与线上效果优化。核心技能：数据可视化、sql、需求分析、用户研究、产品设计。要求具备扎实的编程基础与数据敏感度，熟悉主流工具链，有良好的团队协作与文档习惯。,2026-08-21,https://job.example.com/42_00123,18.0,23.0,20.5,"['数据可视化', 'sql', '需求分析', '用户研究', '产品设计']",5
BI工程师,武汉,硕士,1-3年,蓝帆科技有限公司,150-500人,合资,15-23K,"sql, 数据可视化, excel, etl, powerbi",BI工程师岗位：与产品和运营协作，输出数据专题分析报告。核心技能：sql、数据可视化、excel、etl、powerbi。要求具备扎实的编程基础与数据敏感度，熟悉主流工具链，有良好的团队协作与文档习惯。,2026-08-14,https://job.example.com/42_00124,15.0,23.0,19.0,"['sql', '数据可视化', 'excel', 'etl', 'powerbi']",5
ETL工程师,北京,本科,3-5年,启数数据有限公司,500-2000人,上市公司,1.8-2.2万/月,"hive, linux, etl, sql, python",ETL工程师岗位：负责业务数据的采集、清洗与指标体系搭建。核心技能：hive、linux、etl、sql、python。要求具备扎实的编程基础与数据敏感度，熟悉主流工具链，有良好的团队协作与文档习惯。,2026-08-21,https://job.example.com/42_00125,18.0,22.0,20.0,"['hive', 'linux', 'etl', 'sql', 'python']",5
大数据开发工程师,成都,硕士,在校/应届,蓝合智能有限公司,500-2000人,上市公司,1.2-1.8万/月,"spark, sql, flink, linux, hive",大数据开发工程师岗位：参与数据平台建设，保障数据质量与时效性。核心技能：spark、sql、flink、linux、hive。要求具备扎实的编程基础与数据敏感度，熟悉主流工具链，有良好的团队协作与文档习惯。,2026-08-27,https://job.example.com/42_00126,12.0,18.0,15.0,"['spark', 'sql', 'flink', 'linux', 'hive']",5
ETL工程师,上海,硕士,1-3年,云脉智能有限公司,2000人以上,国企,17-22K,"数据仓库, linux, hive, sql, python",ETL工程师岗位：负责业务数据的采集、清洗与指标体系搭建。核心技能：数据仓库、linux、hive、sql、python。要求具备扎实的编程基础与数据敏感度，熟悉主流工具链，有良好的团队协作与文档习惯。,2026-08-06,https://job.example.com/42_00127,17.0,22.0,19.5,"['数据仓库', 'linux', 'hive', 'sql', 'python']",5
数据产品经理,上海,大专,在校/应届,启帆智能有限公司,500-2000人,合资,12-19K·15薪,"excel, 用户研究, 产品设计, 数据可视化, 需求分析",数据产品经理岗位：负责业务数据的采集、清洗与指标体系搭建。核心技能：excel、用户研究、产品设计、数据可视化、需求分析。要求具备扎实的编程基础与数据敏感度，熟悉主流工具链，有良好的团队协作与文档习惯。,2026-06-03,https://job.example.com/42_00128,12.0,19.0,15.5,"['excel', '用户研究', '产品设计', '数据可视化', '需求分析']",5
BI工程师,杭州,不限,经验不限,海途智能有限公司,少于50人,民营,1.2-1.5万/月,"excel, tableau, sql, 数据可视化, etl",BI工程师岗位：负责核心算法的调研、实现与线上效果优化。核心技能：excel、tableau、sql、数据可视化、etl。要求具备扎实的编程基础与数据敏感度，熟悉主流工具链，有良好的团队协作与文档习惯。,2026-07-07,https://job.example.com/42_00129,12.0,15.0,13.5,"['excel', 'tableau', 'sql', '数据可视化', 'etl']",5
BI工程师,广州,不限,在校/应届,启途智能有限公司,50-150人,外资,薪资面议,"excel, 数据可视化, powerbi, tableau, etl",BI工程师岗位：与产品和运营协作，输出数据专题分析报告。核心技能：excel、数据可视化、powerbi、tableau、etl。要求具备扎实的编程基础与数据敏感度，熟悉主流工具链，有良好的团队协作与文档习惯。,2026-08-07,https://job.example.com/42_00130,,,,"['excel', '数据可视化', 'powerbi', 'tableau', 'etl']",5
数据挖掘工程师,深圳,不限,经验不限,启创软件有限公司,50-150人,国企,11-18K,"spark, python, 数据挖掘, sql, pandas",数据挖掘工程师岗位：参与数据平台建设，保障数据质量与时效性。核心技能：spark、python、数据挖掘、sql、pandas。要求具备扎实的编程基础与数据敏感度，熟悉主流工具链，有良好的团队协作与文档习惯。,2026-06-15,https://job.example.com/42_00131,11.0,18.0,14.5,"['spark', 'python', '数据挖掘', 'sql', 'pandas']",5
数据分析师,武汉,硕士,5-10年,云合智能有限公司,少于50人,国企,2.0-3.0万/月,"python, sql, excel, 统计学, numpy",数据分析师岗位：参与数据平台建设，保障数据质量与时效性。核心技能：python、sql、excel、统计学、numpy。要求具备扎实的编程基础与数据敏感度，熟悉主流工具链，有良好的团队协作与文档习惯。,2026-06-30,https://job.example.com/42_00132,20.0,30.0,25.0,"['python', 'sql', 'excel', '统计学', 'numpy']",5
数据运营,深圳,不限,5-10年,锐脉网络有限公司,50-150人,外资,1.7-2.6万/月,"excel, sql, 数据可视化, python, 数据分析",数据运营岗位：参与数据平台建设，保障数据质量与时效性。核心技能：excel、sql、数据可视化、python、数据分析。要求具备扎实的编程基础与数据敏感度，熟悉主流工具链，有良好的团队协作与文档习惯。,2026-07-09,https://job.example.com/42_00133,17.0,26.0,21.5,"['excel', 'sql', '数据可视化', 'python', '数据分析']",5
大数据开发工程师,北京,硕士,3-5年,海图软件有限公司,2000人以上,外资,2.2-2.7万/月,"linux, spark, flink, hive, java",大数据开发工程师岗位：负责核心算法的调研、实现与线上效果优化。核心技能：linux、spark、flink、hive、java。要求具备扎实的编程基础与数据敏感度，熟悉主流工具链，有良好的团队协作与文档习惯。,2026-07-09,https://job.example.com/42_00134,22.0,27.0,24.5,"['linux', 'spark', 'flink', 'hive', 'java']",5
BI工程师,广州,不限,3-5年,云创软件有限公司,500-2000人,上市公司,16-22K,"数据可视化, tableau, etl, excel, sql",BI工程师岗位：与产品和运营协作，输出数据专题分析报告。核心技能：数据可视化、tableau、etl、excel、sql。要求具备扎实的编程基础与数据敏感度，熟悉主流工具链，有良好的团队协作与文档习惯。,2026-06-27,https://job.example.com/42_00135,16.0,22.0,19.0,"['数据可视化', 'tableau', 'etl', 'excel', 'sql']",5
算法工程师,上海,硕士,5-10年,启图智能有限公司,2000人以上,民营,2.1-2.7万/月,"机器学习, python, 推荐系统, 算法, nlp",算法工程师岗位：负责核心算法的调研、实现与线上效果优化。核心技能：机器学习、python、推荐系统、算法、nlp。要求具备扎实的编程基础与数据敏感度，熟悉主流工具链，有良好的团队协作与文档习惯。,2026-08-01,https://job.example.com/42_00136,21.0,27.0,24.0,"['机器学习', 'python', '推荐系统', '算法', 'nlp']",5
机器学习工程师,成都,本科,经验不限,海创数据有限公司,500-2000人,国企,12-21K·13薪,"机器学习, nlp, python, 深度学习, pytorch",机器学习工程师岗位：参与数据模型设计与报表开发，支持业务决策。核心技能：机器学习、nlp、python、深度学习、pytorch。要求具备扎实的编程基础与数据敏感度，熟悉主流工具链，有良好的团队协作与文档习惯。,2026-08-08,https://job.example.com/42_00137,12.0,21.0,16.5,"['机器学习', 'nlp', 'python', '深度学习', 'pytorch']",5
算法工程师,杭州,本科,1-3年,智脉网络有限公司,50-150人,外资,14-20K·15薪,"推荐系统, 深度学习, nlp, python, 机器学习",算法工程师岗位：与产品和运营协作，输出数据专题分析报告。核心技能：推荐系统、深度学习、nlp、python、机器学习。要求具备扎实的编程基础与数据敏感度，熟悉主流工具链，有良好的团队协作与文档习惯。,2026-06-19,https://job.example.com/42_00138,14.0,20.0,17.0,"['推荐系统', '深度学习', 'nlp', 'python', '机器学习']",5
数据分析师,杭州,硕士,3-5年,蓝帆软件有限公司,2000人以上,国企,20-27K·16薪,"数据可视化, excel, numpy, pandas, python",数据分析师岗位：参与数据模型设计与报表开发，支持业务决策。核心技能：数据可视化、excel、numpy、pandas、python。要求具备扎实的编程基础与数据敏感度，熟悉主流工具链，有良好的团队协作与文档习惯。,2026-08-02,https://job.example.com/42_00139,20.0,27.0,23.5,"['数据可视化', 'excel', 'numpy', 'pandas', 'python']",5
数据产品经理,南京,本科,3-5年,锐图科技有限公司,2000人以上,民营,1.3-1.6万/月,"sql, 需求分析, 用户研究, excel, 产品设计",数据产品经理岗位：参与数据模型设计与报表开发，支持业务决策。核心技能：sql、需求分析、用户研究、excel、产品设计。要求具备扎实的编程基础与数据敏感度，熟悉主流工具链，有良好的团队协作与文档习惯。,2026-06-01,https://job.example.com/42_00140,13.0,16.0,14.5,"['sql', '需求分析', '用户研究', 'excel', '产品设计']",5
BI工程师,广州,不限,3-5年,启数科技有限公司,2000人以上,上市公司,1.6-1.9万/月,"tableau, sql, excel, etl, powerbi",BI工程师岗位：参与数据平台建设，保障数据质量与时效性。核心技能：tableau、sql、excel、etl、powerbi。要求具备扎实的编程基础与数据敏感度，熟悉主流工具链，有良好的团队协作与文档习惯。,2026-06-01,https://job.example.com/42_00141,16.0,19.0,17.5,"['tableau', 'sql', 'excel', 'etl', 'powerbi']",5
数据运营,武汉,本科,经验不限,云途智能有限公司,50-150人,国企,11-19K,"数据分析, 数据可视化, python, excel, sql",数据运营岗位：参与数据模型设计与报表开发，支持业务决策。核心技能：数据分析、数据可视化、python、excel、sql。要求具备扎实的编程基础与数据敏感度，熟悉主流工具链，有良好的团队协作与文档习惯。,2026-07-21,https://job.example.com/42_00142,11.0,19.0,15.0,"['数据分析', '数据可视化', 'python', 'excel', 'sql']",5
Python开发工程师,成都,硕士,1-3年,海脉科技有限公司,少于50人,合资,16-19K·15薪,"flask, linux, django, docker, sql",Python开发工程师岗位：负责业务数据的采集、清洗与指标体系搭建。核心技能：flask、linux、django、docker、sql。要求具备扎实的编程基础与数据敏感度，熟悉主流工具链，有良好的团队协作与文档习惯。,2026-06-02,https://job.example.com/42_00143,16.0,19.0,17.5,"['flask', 'linux', 'django', 'docker', 'sql']",5
数据挖掘工程师,上海,硕士,5-10年,星帆智能有限公司,500-2000人,外资,面议,"sql, 统计学, 数据挖掘, python, pandas",数据挖掘工程师岗位：负责业务数据的采集、清洗与指标体系搭建。核心技能：sql、统计学、数据挖掘、python、pandas。要求具备扎实的编程基础与数据敏感度，熟悉主流工具链，有良好的团队协作与文档习惯。,2026-08-27,https://job.example.com/42_00144,,,,"['sql', '统计学', '数据挖掘', 'python', 'pandas']",5
大数据开发工程师,北京,本科,5-10年,云数数据有限公司,2000人以上,国企,22-30K·13薪,"hadoop, java, spark, hive, sql",大数据开发工程师岗位：与产品和运营协作，输出数据专题分析报告。核心技能：hadoop、java、spark、hive、sql。要求具备扎实的编程基础与数据敏感度，熟悉主流工具链，有良好的团队协作与文档习惯。,2026-06-18,https://job.example.com/42_00145,22.0,30.0,26.0,"['hadoop', 'java', 'spark', 'hive', 'sql']",5
Python开发工程师,成都,本科,经验不限,锐合网络有限公司,少于50人,外资,1.2-2.2万/月,"sql, linux, python, docker, 爬虫",Python开发工程师岗位：参与数据平台建设，保障数据质量与时效性。核心技能：sql、linux、python、docker、爬虫。要求具备扎实的编程基础与数据敏感度，熟悉主流工具链，有良好的团队协作与文档习惯。,2026-06-30,https://job.example.com/42_00146,12.0,22.0,17.0,"['sql', 'linux', 'python', 'docker', '爬虫']",5
算法工程师,武汉,硕士,在校/应届,智帆科技有限公司,少于50人,外资,11-20K,"nlp, 推荐系统, 深度学习, python, 机器学习",算法工程师岗位：负责核心算法的调研、实现与线上效果优化。核心技能：nlp、推荐系统、深度学习、python、机器学习。要求具备扎实的编程基础与数据敏感度，熟悉主流工具链，有良好的团队协作与文档习惯。,2026-07-17,https://job.example.com/42_00147,11.0,20.0,15.5,"['nlp', '推荐系统', '深度学习', 'python', '机器学习']",5
Python开发工程师,上海,本科,1-3年,星合软件有限公司,2000人以上,上市公司,14-17K,"sql, docker, django, python, 爬虫",Python开发工程师岗位：负责业务数据的采集、清洗与指标体系搭建。核心技能：sql、docker、django、python、爬虫。要求具备扎实的编程基础与数据敏感度，熟悉主流工具链，有良好的团队协作与文档习惯。,2026-07-16,https://job.example.com/42_00148,14.0,17.0,15.5,"['sql', 'docker', 'django', 'python', '爬虫']",5
数据运营,上海,硕士,3-5年,智途智能有限公司,50-150人,上市公司,21-26K,"数据可视化, 用户增长, excel, sql, python",数据运营岗位：与产品和运营协作，输出数据专题分析报告。核心技能：数据可视化、用户增长、excel、sql、python。要求具备扎实的编程基础与数据敏感度，熟悉主流工具链，有良好的团队协作与文档习惯。,2026-07-05,https://job.example.com/42_00149,21.0,26.0,23.5,"['数据可视化', '用户增长', 'excel', 'sql', 'python']",5
大数据开发工程师,杭州,硕士,在校/应届,启脉科技有限公司,150-500人,外资,1.6-2.2万/月,"java, spark, flink, hadoop, linux",大数据开发工程师岗位：负责核心算法的调研、实现与线上效果优化。核心技能：java、spark、flink、hadoop、linux。要求具备扎实的编程基础与数据敏感度，熟悉主流工具链，有良好的团队协作与文档习惯。,2026-07-29,https://job.example.com/42_00150,16.0,22.0,19.0,"['java', 'spark', 'flink', 'hadoop', 'linux']",5
Python开发工程师,广州,本科,经验不限,蓝合智能有限公司,50-150人,外资,12-22K,"sql, docker, flask, 爬虫, linux",Python开发工程师岗位：与产品和运营协作，输出数据专题分析报告。核心技能：sql、docker、flask、爬虫、linux。要求具备扎实的编程基础与数据敏感度，熟悉主流工具链，有良好的团队协作与文档习惯。,2026-06-23,https://job.example.com/42_00151,12.0,22.0,17.0,"['sql', 'docker', 'flask', '爬虫', 'linux']",5
BI工程师,成都,本科,3-5年,智脉软件有限公司,150-500人,民营,1.4-1.9万/月,"excel, 数据可视化, tableau, etl, powerbi",BI工程师岗位：负责核心算法的调研、实现与线上效果优化。核心技能：excel、数据可视化、tableau、etl、powerbi。要求具备扎实的编程基础与数据敏感度，熟悉主流工具链，有良好的团队协作与文档习惯。,2026-08-27,https://job.example.com/42_00152,14.0,19.0,16.5,"['excel', '数据可视化', 'tableau', 'etl', 'powerbi']",5
数据运营,北京,大专,1-3年,海合数据有限公司,150-500人,国企,14-23K·16薪,"python, sql, 用户增长, 数据分析, excel",数据运营岗位：与产品和运营协作，输出数据专题分析报告。核心技能：python、sql、用户增长、数据分析、excel。要求具备扎实的编程基础与数据敏感度，熟悉主流工具链，有良好的团队协作与文档习惯。,2026-07-19,https://job.example.com/42_00153,14.0,23.0,18.5,"['python', 'sql', '用户增长', '数据分析', 'excel']",5
Python开发工程师,南京,硕士,1-3年,智数智能有限公司,2000人以上,民营,面议,"flask, sql, 爬虫, django, docker",Python开发工程师岗位：负责业务数据的采集、清洗与指标体系搭建。核心技能：flask、sql、爬虫、django、docker。要求具备扎实的编程基础与数据敏感度，熟悉主流工具链，有良好的团队协作与文档习惯。,2026-08-24,https://job.example.com/42_00154,,,,"['flask', 'sql', '爬虫', 'django', 'docker']",5
算法工程师,广州,大专,3-5年,云途网络有限公司,50-150人,上市公司,1.4-2.4万/月,"python, 推荐系统, 深度学习, 机器学习, 算法",算法工程师岗位：负责业务数据的采集、清洗与指标体系搭建。核心技能：python、推荐系统、深度学习、机器学习、算法。要求具备扎实的编程基础与数据敏感度，熟悉主流工具链，有良好的团队协作与文档习惯。,2026-07-18,https://job.example.com/42_00155,14.0,24.0,19.0,"['python', '推荐系统', '深度学习', '机器学习', '算法']",5
BI工程师,南京,不限,3-5年,云数软件有限公司,少于50人,民营,1.2-2.0万/月,"etl, excel, tableau, 数据可视化, sql",BI工程师岗位：与产品和运营协作，输出数据专题分析报告。核心技能：etl、excel、tableau、数据可视化、sql。要求具备扎实的编程基础与数据敏感度，熟悉主流工具链，有良好的团队协作与文档习惯。,2026-07-10,https://job.example.com/42_00156,12.0,20.0,16.0,"['etl', 'excel', 'tableau', '数据可视化', 'sql']",5
算法工程师,南京,不限,在校/应届,海图软件有限公司,150-500人,民营,6-9K·16薪,"推荐系统, 深度学习, 机器学习, nlp, python",算法工程师岗位：与产品和运营协作，输出数据专题分析报告。核心技能：推荐系统、深度学习、机器学习、nlp、python。要求具备扎实的编程基础与数据敏感度，熟悉主流工具链，有良好的团队协作与文档习惯。,2026-07-14,https://job.example.com/42_00157,6.0,9.0,7.5,"['推荐系统', '深度学习', '机器学习', 'nlp', 'python']",5
Python开发工程师,广州,大专,在校/应届,启合数据有限公司,500-2000人,国企,11-20K,"flask, linux, 爬虫, django, sql",Python开发工程师岗位：参与数据平台建设，保障数据质量与时效性。核心技能：flask、linux、爬虫、django、sql。要求具备扎实的编程基础与数据敏感度，熟悉主流工具链，有良好的团队协作与文档习惯。,2026-08-18,https://job.example.com/42_00158,11.0,20.0,15.5,"['flask', 'linux', '爬虫', 'django', 'sql']",5
机器学习工程师,南京,硕士,1-3年,锐途智能有限公司,50-150人,外资,16-20K,"tensorflow, python, 机器学习, pytorch, nlp",机器学习工程师岗位：负责业务数据的采集、清洗与指标体系搭建。核心技能：tensorflow、python、机器学习、pytorch、nlp。要求具备扎实的编程基础与数据敏感度，熟悉主流工具链，有良好的团队协作与文档习惯。,2026-08-25,https://job.example.com/42_00159,16.0,20.0,18.0,"['tensorflow', 'python', '机器学习', 'pytorch', 'nlp']",5
数据产品经理,成都,硕士,1-3年,锐帆网络有限公司,2000人以上,上市公司,面议,"用户研究, 产品设计, 数据可视化, 需求分析, sql",数据产品经理岗位：与产品和运营协作，输出数据专题分析报告。核心技能：用户研究、产品设计、数据可视化、需求分析、sql。要求具备扎实的编程基础与数据敏感度，熟悉主流工具链，有良好的团队协作与文档习惯。,2026-07-11,https://job.example.com/42_00160,,,,"['用户研究', '产品设计', '数据可视化', '需求分析', 'sql']",5
Python开发工程师,深圳,本科,经验不限,星创软件有限公司,500-2000人,国企,13-18K·13薪,"linux, docker, 爬虫, sql, flask",Python开发工程师岗位：参与数据平台建设，保障数据质量与时效性。核心技能：linux、docker、爬虫、sql、flask。要求具备扎实的编程基础与数据敏感度，熟悉主流工具链，有良好的团队协作与文档习惯。,2026-07-07,https://job.example.com/42_00161,13.0,18.0,15.5,"['linux', 'docker', '爬虫', 'sql', 'flask']",5
数据挖掘工程师,广州,本科,5-10年,星帆软件有限公司,2000人以上,上市公司,2.0-3.0万/月,"sql, pandas, python, 数据挖掘, 统计学",数据挖掘工程师岗位：与产品和运营协作，输出数据专题分析报告。核心技能：sql、pandas、python、数据挖掘、统计学。要求具备扎实的编程基础与数据敏感度，熟悉主流工具链，有良好的团队协作与文档习惯。,2026-07-24,https://job.example.com/42_00162,20.0,30.0,25.0,"['sql', 'pandas', 'python', '数据挖掘', '统计学']",5
数据产品经理,南京,本科,经验不限,星创网络有限公司,50-150人,合资,12-16K·14薪,"用户研究, 数据可视化, 需求分析, 产品设计, excel",数据产品经理岗位：负责核心算法的调研、实现与线上效果优化。核心技能：用户研究、数据可视化、需求分析、产品设计、excel。要求具备扎实的编程基础与数据敏感度，熟悉主流工具链，有良好的团队协作与文档习惯。,2026-06-15,https://job.example.com/42_00163,12.0,16.0,14.0,"['用户研究', '数据可视化', '需求分析', '产品设计', 'excel']",5
大数据开发工程师,成都,硕士,5-10年,海脉数据有限公司,150-500人,民营,20-24K·13薪,"sql, java, flink, spark, hive",大数据开发工程师岗位：负责业务数据的采集、清洗与指标体系搭建。核心技能：sql、java、flink、spark、hive。要求具备扎实的编程基础与数据敏感度，熟悉主流工具链，有良好的团队协作与文档习惯。,2026-06-16,https://job.example.com/42_00164,20.0,24.0,22.0,"['sql', 'java', 'flink', 'spark', 'hive']",5
机器学习工程师,深圳,不限,3-5年,智帆科技有限公司,2000人以上,外资,15-23K·15薪,"pytorch, 深度学习, tensorflow, python, nlp",机器学习工程师岗位：参与数据模型设计与报表开发，支持业务决策。核心技能：pytorch、深度学习、tensorflow、python、nlp。要求具备扎实的编程基础与数据敏感度，熟悉主流工具链，有良好的团队协作与文档习惯。,2026-07-08,https://job.example.com/42_00165,15.0,23.0,19.0,"['pytorch', '深度学习', 'tensorflow', 'python', 'nlp']",5
大数据开发工程师,杭州,不限,3-5年,智图数据有限公司,50-150人,国企,薪资面议,"linux, java, spark, flink, sql",大数据开发工程师岗位：负责核心算法的调研、实现与线上效果优化。核心技能：linux、java、spark、flink、sql。要求具备扎实的编程基础与数据敏感度，熟悉主流工具链，有良好的团队协作与文档习惯。,2026-07-02,https://job.example.com/42_00166,,,,"['linux', 'java', 'spark', 'flink', 'sql']",5
BI工程师,南京,本科,3-5年,海脉科技有限公司,500-2000人,上市公司,1.5-2.5万/月,"excel, powerbi, 数据可视化, tableau, etl",BI工程师岗位：负责业务数据的采集、清洗与指标体系搭建。核心技能：excel、powerbi、数据可视化、tableau、etl。要求具备扎实的编程基础与数据敏感度，熟悉主流工具链，有良好的团队协作与文档习惯。,2026-08-02,https://job.example.com/42_00167,15.0,25.0,20.0,"['excel', 'powerbi', '数据可视化', 'tableau', 'etl']",5
算法工程师,北京,不限,5-10年,智途智能有限公司,500-2000人,国企,1.8-2.8万/月,"数据结构, nlp, python, 深度学习, 机器学习",算法工程师岗位：负责核心算法的调研、实现与线上效果优化。核心技能：数据结构、nlp、python、深度学习、机器学习。要求具备扎实的编程基础与数据敏感度，熟悉主流工具链，有良好的团队协作与文档习惯。,2026-07-05,https://job.example.com/42_00168,18.0,28.0,23.0,"['数据结构', 'nlp', 'python', '深度学习', '机器学习']",5
算法工程师,杭州,本科,3-5年,云途软件有限公司,少于50人,民营,1.6-2.6万/月,"推荐系统, 算法, 数据结构, 深度学习, nlp",算法工程师岗位：负责业务数据的采集、清洗与指标体系搭建。核心技能：推荐系统、算法、数据结构、深度学习、nlp。要求具备扎实的编程基础与数据敏感度，熟悉主流工具链，有良好的团队协作与文档习惯。,2026-07-29,https://job.example.com/42_00169,16.0,26.0,21.0,"['推荐系统', '算法', '数据结构', '深度学习', 'nlp']",5
数据分析师,武汉,本科,3-5年,海数网络有限公司,少于50人,外资,1.4-1.7万/月,"sql, excel, pandas, 统计学, numpy",数据分析师岗位：负责业务数据的采集、清洗与指标体系搭建。核心技能：sql、excel、pandas、统计学、numpy。要求具备扎实的编程基础与数据敏感度，熟悉主流工具链，有良好的团队协作与文档习惯。,2026-07-21,https://job.example.com/42_00170,14.0,17.0,15.5,"['sql', 'excel', 'pandas', '统计学', 'numpy']",5
大数据开发工程师,深圳,硕士,3-5年,云帆智能有限公司,50-150人,上市公司,1.8-2.1万/月,"java, linux, sql, hive, flink",大数据开发工程师岗位：与产品和运营协作，输出数据专题分析报告。核心技能：java、linux、sql、hive、flink。要求具备扎实的编程基础与数据敏感度，熟悉主流工具链，有良好的团队协作与文档习惯。,2026-08-29,https://job.example.com/42_00171,18.0,21.0,19.5,"['java', 'linux', 'sql', 'hive', 'flink']",5
算法工程师,上海,不限,1-3年,云图科技有限公司,少于50人,外资,14-19K·13薪,"nlp, 算法, 深度学习, python, 推荐系统",算法工程师岗位：与产品和运营协作，输出数据专题分析报告。核心技能：nlp、算法、深度学习、python、推荐系统。要求具备扎实的编程基础与数据敏感度，熟悉主流工具链，有良好的团队协作与文档习惯。,2026-06-18,https://job.example.com/42_00172,14.0,19.0,16.5,"['nlp', '算法', '深度学习', 'python', '推荐系统']",5
数据挖掘工程师,上海,硕士,3-5年,海图数据有限公司,500-2000人,上市公司,1.9-2.3万/月,"python, pandas, 机器学习, sql, 统计学",数据挖掘工程师岗位：参与数据模型设计与报表开发，支持业务决策。核心技能：python、pandas、机器学习、sql、统计学。要求具备扎实的编程基础与数据敏感度，熟悉主流工具链，有良好的团队协作与文档习惯。,2026-06-13,https://job.example.com/42_00173,19.0,23.0,21.0,"['python', 'pandas', '机器学习', 'sql', '统计学']",5
数据挖掘工程师,上海,硕士,3-5年,蓝图科技有限公司,50-150人,上市公司,20-23K·16薪,"sql, 数据挖掘, spark, 统计学, python",数据挖掘工程师岗位：参与数据模型设计与报表开发，支持业务决策。核心技能：sql、数据挖掘、spark、统计学、python。要求具备扎实的编程基础与数据敏感度，熟悉主流工具链，有良好的团队协作与文档习惯。,2026-08-24,https://job.example.com/42_00174,20.0,23.0,21.5,"['sql', '数据挖掘', 'spark', '统计学', 'python']",5
大数据开发工程师,深圳,硕士,3-5年,智脉数据有限公司,500-2000人,合资,薪资面议,"hive, spark, flink, hadoop, sql",大数据开发工程师岗位：负责业务数据的采集、清洗与指标体系搭建。核心技能：hive、spark、flink、hadoop、sql。要求具备扎实的编程基础与数据敏感度，熟悉主流工具链，有良好的团队协作与文档习惯。,2026-08-21,https://job.example.com/42_00175,,,,"['hive', 'spark', 'flink', 'hadoop', 'sql']",5
ETL工程师,上海,硕士,经验不限,蓝创数据有限公司,500-2000人,民营,面议,"hive, python, etl, spark, linux",ETL工程师岗位：与产品和运营协作，输出数据专题分析报告。核心技能：hive、python、etl、spark、linux。要求具备扎实的编程基础与数据敏感度，熟悉主流工具链，有良好的团队协作与文档习惯。,2026-06-02,https://job.example.com/42_00176,,,,"['hive', 'python', 'etl', 'spark', 'linux']",5
大数据开发工程师,深圳,本科,经验不限,智合软件有限公司,500-2000人,民营,13-20K,"sql, flink, hive, hadoop, linux",大数据开发工程师岗位：参与数据平台建设，保障数据质量与时效性。核心技能：sql、flink、hive、hadoop、linux。要求具备扎实的编程基础与数据敏感度，熟悉主流工具链，有良好的团队协作与文档习惯。,2026-07-10,https://job.example.com/42_00177,13.0,20.0,16.5,"['sql', 'flink', 'hive', 'hadoop', 'linux']",5
Python开发工程师,深圳,不限,在校/应届,海脉数据有限公司,少于50人,国企,薪资面议,"flask, docker, sql, python, linux",Python开发工程师岗位：与产品和运营协作，输出数据专题分析报告。核心技能：flask、docker、sql、python、linux。要求具备扎实的编程基础与数据敏感度，熟悉主流工具链，有良好的团队协作与文档习惯。,2026-06-15,https://job.example.com/42_00178,,,,"['flask', 'docker', 'sql', 'python', 'linux']",5
数据产品经理,北京,本科,3-5年,星合网络有限公司,2000人以上,上市公司,1.8-2.3万/月,"excel, 需求分析, 数据可视化, 产品设计, sql",数据产品经理岗位：负责业务数据的采集、清洗与指标体系搭建。核心技能：excel、需求分析、数据可视化、产品设计、sql。要求具备扎实的编程基础与数据敏感度，熟悉主流工具链，有良好的团队协作与文档习惯。,2026-07-18,https://job.example.com/42_00179,18.0,23.0,20.5,"['excel', '需求分析', '数据可视化', '产品设计', 'sql']",5
数据挖掘工程师,杭州,大专,经验不限,云数智能有限公司,少于50人,合资,12-15K·13薪,"spark, python, 数据挖掘, sql, 机器学习",数据挖掘工程师岗位：参与数据平台建设，保障数据质量与时效性。核心技能：spark、python、数据挖掘、sql、机器学习。要求具备扎实的编程基础与数据敏感度，熟悉主流工具链，有良好的团队协作与文档习惯。,2026-08-12,https://job.example.com/42_00180,12.0,15.0,13.5,"['spark', 'python', '数据挖掘', 'sql', '机器学习']",5
数据挖掘工程师,成都,本科,1-3年,云途科技有限公司,50-150人,民营,14-19K,"spark, python, pandas, 统计学, sql",数据挖掘工程师岗位：参与数据平台建设，保障数据质量与时效性。核心技能：spark、python、pandas、统计学、sql。要求具备扎实的编程基础与数据敏感度，熟悉主流工具链，有良好的团队协作与文档习惯。,2026-06-05,https://job.example.com/42_00181,14.0,19.0,16.5,"['spark', 'python', 'pandas', '统计学', 'sql']",5
数据运营,武汉,本科,1-3年,蓝途智能有限公司,少于50人,国企,11-20K,"sql, 用户增长, 数据可视化, python, excel",数据运营岗位：参与数据平台建设，保障数据质量与时效性。核心技能：sql、用户增长、数据可视化、python、excel。要求具备扎实的编程基础与数据敏感度，熟悉主流工具链，有良好的团队协作与文档习惯。,2026-07-30,https://job.example.com/42_00182,11.0,20.0,15.5,"['sql', '用户增长', '数据可视化', 'python', 'excel']",5
大数据开发工程师,杭州,本科,经验不限,锐脉网络有限公司,2000人以上,国企,14-20K·15薪,"hive, flink, java, hadoop, sql",大数据开发工程师岗位：负责核心算法的调研、实现与线上效果优化。核心技能：hive、flink、java、hadoop、sql。要求具备扎实的编程基础与数据敏感度，熟悉主流工具链，有良好的团队协作与文档习惯。,2026-08-09,https://job.example.com/42_00183,14.0,20.0,17.0,"['hive', 'flink', 'java', 'hadoop', 'sql']",5
机器学习工程师,广州,本科,1-3年,云脉软件有限公司,150-500人,民营,14-23K·13薪,"python, 机器学习, 深度学习, tensorflow, nlp",机器学习工程师岗位：负责核心算法的调研、实现与线上效果优化。核心技能：python、机器学习、深度学习、tensorflow、nlp。要求具备扎实的编程基础与数据敏感度，熟悉主流工具链，有良好的团队协作与文档习惯。,2026-06-08,https://job.example.com/42_00184,14.0,23.0,18.5,"['python', '机器学习', '深度学习', 'tensorflow', 'nlp']",5
数据挖掘工程师,杭州,本科,经验不限,锐途智能有限公司,50-150人,合资,面议,"机器学习, pandas, sql, 数据挖掘, spark",数据挖掘工程师岗位：负责业务数据的采集、清洗与指标体系搭建。核心技能：机器学习、pandas、sql、数据挖掘、spark。要求具备扎实的编程基础与数据敏感度，熟悉主流工具链，有良好的团队协作与文档习惯。,2026-07-26,https://job.example.com/42_00185,,,,"['机器学习', 'pandas', 'sql', '数据挖掘', 'spark']",5
数据挖掘工程师,深圳,本科,1-3年,蓝帆科技有限公司,50-150人,国企,1.4-1.9万/月,"spark, 数据挖掘, sql, 统计学, 机器学习",数据挖掘工程师岗位：与产品和运营协作，输出数据专题分析报告。核心技能：spark、数据挖掘、sql、统计学、机器学习。要求具备扎实的编程基础与数据敏感度，熟悉主流工具链，有良好的团队协作与文档习惯。,2026-06-14,https://job.example.com/42_00186,14.0,19.0,16.5,"['spark', '数据挖掘', 'sql', '统计学', '机器学习']",5
数据挖掘工程师,南京,硕士,1-3年,蓝合网络有限公司,少于50人,民营,15-18K,"sql, python, pandas, 数据挖掘, 统计学",数据挖掘工程师岗位：与产品和运营协作，输出数据专题分析报告。核心技能：sql、python、pandas、数据挖掘、统计学。要求具备扎实的编程基础与数据敏感度，熟悉主流工具链，有良好的团队协作与文档习惯。,2026-07-12,https://job.example.com/42_00187,15.0,18.0,16.5,"['sql', 'python', 'pandas', '数据挖掘', '统计学']",5
数据挖掘工程师,上海,大专,在校/应届,蓝脉数据有限公司,少于50人,合资,1.0-1.4万/月,"数据挖掘, sql, pandas, python, spark",数据挖掘工程师岗位：负责核心算法的调研、实现与线上效果优化。核心技能：数据挖掘、sql、pandas、python、spark。要求具备扎实的编程基础与数据敏感度，熟悉主流工具链，有良好的团队协作与文档习惯。,2026-07-30,https://job.example.com/42_00188,10.0,14.0,12.0,"['数据挖掘', 'sql', 'pandas', 'python', 'spark']",5
Python开发工程师,广州,本科,经验不限,海图科技有限公司,2000人以上,上市公司,11-14K,"python, linux, django, flask, sql",Python开发工程师岗位：负责核心算法的调研、实现与线上效果优化。核心技能：python、linux、django、flask、sql。要求具备扎实的编程基础与数据敏感度，熟悉主流工具链，有良好的团队协作与文档习惯。,2026-06-26,https://job.example.com/42_00189,11.0,14.0,12.5,"['python', 'linux', 'django', 'flask', 'sql']",5
数据产品经理,广州,本科,5-10年,锐合软件有限公司,500-2000人,民营,20-25K,"sql, 数据可视化, 用户研究, 需求分析, 产品设计",数据产品经理岗位：参与数据模型设计与报表开发，支持业务决策。核心技能：sql、数据可视化、用户研究、需求分析、产品设计。要求具备扎实的编程基础与数据敏感度，熟悉主流工具链，有良好的团队协作与文档习惯。,2026-06-28,https://job.example.com/42_00190,20.0,25.0,22.5,"['sql', '数据可视化', '用户研究', '需求分析', '产品设计']",5
数据挖掘工程师,杭州,本科,1-3年,启合智能有限公司,500-2000人,民营,薪资面议,"机器学习, python, pandas, spark, 数据挖掘",数据挖掘工程师岗位：负责核心算法的调研、实现与线上效果优化。核心技能：机器学习、python、pandas、spark、数据挖掘。要求具备扎实的编程基础与数据敏感度，熟悉主流工具链，有良好的团队协作与文档习惯。,2026-06-18,https://job.example.com/42_00191,,,,"['机器学习', 'python', 'pandas', 'spark', '数据挖掘']",5
BI工程师,深圳,大专,5-10年,锐脉软件有限公司,150-500人,上市公司,19-26K,"etl, tableau, sql, excel, powerbi",BI工程师岗位：与产品和运营协作，输出数据专题分析报告。核心技能：etl、tableau、sql、excel、powerbi。要求具备扎实的编程基础与数据敏感度，熟悉主流工具链，有良好的团队协作与文档习惯。,2026-06-04,https://job.example.com/42_00192,19.0,26.0,22.5,"['etl', 'tableau', 'sql', 'excel', 'powerbi']",5
算法工程师,深圳,本科,5-10年,智创数据有限公司,50-150人,民营,19-26K·14薪,"数据结构, 机器学习, python, 深度学习, nlp",算法工程师岗位：负责核心算法的调研、实现与线上效果优化。核心技能：数据结构、机器学习、python、深度学习、nlp。要求具备扎实的编程基础与数据敏感度，熟悉主流工具链，有良好的团队协作与文档习惯。,2026-06-08,https://job.example.com/42_00193,19.0,26.0,22.5,"['数据结构', '机器学习', 'python', '深度学习', 'nlp']",5
机器学习工程师,武汉,本科,5-10年,锐途网络有限公司,2000人以上,上市公司,面议,"机器学习, nlp, pytorch, 深度学习, tensorflow",机器学习工程师岗位：负责核心算法的调研、实现与线上效果优化。核心技能：机器学习、nlp、pytorch、深度学习、tensorflow。要求具备扎实的编程基础与数据敏感度，熟悉主流工具链，有良好的团队协作与文档习惯。,2026-08-03,https://job.example.com/42_00194,,,,"['机器学习', 'nlp', 'pytorch', '深度学习', 'tensorflow']",5
数据运营,杭州,本科,1-3年,锐合科技有限公司,150-500人,上市公司,14-22K·15薪,"excel, python, 数据分析, 用户增长, 数据可视化",数据运营岗位：负责业务数据的采集、清洗与指标体系搭建。核心技能：excel、python、数据分析、用户增长、数据可视化。要求具备扎实的编程基础与数据敏感度，熟悉主流工具链，有良好的团队协作与文档习惯。,2026-06-23,https://job.example.com/42_00195,14.0,22.0,18.0,"['excel', 'python', '数据分析', '用户增长', '数据可视化']",5
算法工程师,北京,本科,在校/应届,云数软件有限公司,2000人以上,民营,14-19K,"推荐系统, nlp, 算法, python, 机器学习",算法工程师岗位：负责核心算法的调研、实现与线上效果优化。核心技能：推荐系统、nlp、算法、python、机器学习。要求具备扎实的编程基础与数据敏感度，熟悉主流工具链，有良好的团队协作与文档习惯。,2026-07-26,https://job.example.com/42_00196,14.0,19.0,16.5,"['推荐系统', 'nlp', '算法', 'python', '机器学习']",5
数据产品经理,成都,本科,3-5年,蓝图网络有限公司,50-150人,国企,1.6-1.9万/月,"用户研究, excel, sql, 数据可视化, 产品设计",数据产品经理岗位：与产品和运营协作，输出数据专题分析报告。核心技能：用户研究、excel、sql、数据可视化、产品设计。要求具备扎实的编程基础与数据敏感度，熟悉主流工具链，有良好的团队协作与文档习惯。,2026-06-24,https://job.example.com/42_00197,16.0,19.0,17.5,"['用户研究', 'excel', 'sql', '数据可视化', '产品设计']",5
ETL工程师,成都,不限,3-5年,蓝图科技有限公司,50-150人,外资,1.2-1.6万/月,"etl, linux, 数据仓库, sql, python",ETL工程师岗位：参与数据模型设计与报表开发，支持业务决策。核心技能：etl、linux、数据仓库、sql、python。要求具备扎实的编程基础与数据敏感度，熟悉主流工具链，有良好的团队协作与文档习惯。,2026-08-30,https://job.example.com/42_00198,12.0,16.0,14.0,"['etl', 'linux', '数据仓库', 'sql', 'python']",5
算法工程师,南京,本科,1-3年,海途科技有限公司,500-2000人,合资,1.2-2.1万/月,"算法, 数据结构, python, 机器学习, nlp",算法工程师岗位：负责业务数据的采集、清洗与指标体系搭建。核心技能：算法、数据结构、python、机器学习、nlp。要求具备扎实的编程基础与数据敏感度，熟悉主流工具链，有良好的团队协作与文档习惯。,2026-08-03,https://job.example.com/42_00199,12.0,21.0,16.5,"['算法', '数据结构', 'python', '机器学习', 'nlp']",5
BI工程师,成都,硕士,1-3年,智脉科技有限公司,150-500人,民营,14-18K,"sql, 数据可视化, tableau, excel, etl",BI工程师岗位：负责业务数据的采集、清洗与指标体系搭建。核心技能：sql、数据可视化、tableau、excel、etl。要求具备扎实的编程基础与数据敏感度，熟悉主流工具链，有良好的团队协作与文档习惯。,2026-06-22,https://job.example.com/42_00200,14.0,18.0,16.0,"['sql', '数据可视化', 'tableau', 'excel', 'etl']",5
BI工程师,广州,大专,经验不限,启图数据有限公司,2000人以上,合资,9-17K,"etl, sql, powerbi, 数据可视化, tableau",BI工程师岗位：负责业务数据的采集、清洗与指标体系搭建。核心技能：etl、sql、powerbi、数据可视化、tableau。要求具备扎实的编程基础与数据敏感度，熟悉主流工具链，有良好的团队协作与文档习惯。,2026-06-25,https://job.example.com/42_00201,9.0,17.0,13.0,"['etl', 'sql', 'powerbi', '数据可视化', 'tableau']",5
BI工程师,杭州,大专,1-3年,锐脉软件有限公司,50-150人,民营,14-18K,"powerbi, tableau, sql, 数据可视化, etl",BI工程师岗位：参与数据平台建设，保障数据质量与时效性。核心技能：powerbi、tableau、sql、数据可视化、etl。要求具备扎实的编程基础与数据敏感度，熟悉主流工具链，有良好的团队协作与文档习惯。,2026-08-24,https://job.example.com/42_00202,14.0,18.0,16.0,"['powerbi', 'tableau', 'sql', '数据可视化', 'etl']",5
ETL工程师,南京,本科,经验不限,智途网络有限公司,500-2000人,合资,11-15K·15薪,"sql, etl, linux, hive, python",ETL工程师岗位：与产品和运营协作，输出数据专题分析报告。核心技能：sql、etl、linux、hive、python。要求具备扎实的编程基础与数据敏感度，熟悉主流工具链，有良好的团队协作与文档习惯。,2026-08-09,https://job.example.com/42_00203,11.0,15.0,13.0,"['sql', 'etl', 'linux', 'hive', 'python']",5
BI工程师,广州,本科,1-3年,启数数据有限公司,150-500人,上市公司,面议,"powerbi, tableau, 数据可视化, sql, etl",BI工程师岗位：与产品和运营协作，输出数据专题分析报告。核心技能：powerbi、tableau、数据可视化、sql、etl。要求具备扎实的编程基础与数据敏感度，熟悉主流工具链，有良好的团队协作与文档习惯。,2026-06-11,https://job.example.com/42_00204,,,,"['powerbi', 'tableau', '数据可视化', 'sql', 'etl']",5
算法工程师,武汉,不限,3-5年,锐图软件有限公司,2000人以上,国企,11-20K·16薪,"算法, 推荐系统, python, 深度学习, 机器学习",算法工程师岗位：与产品和运营协作，输出数据专题分析报告。核心技能：算法、推荐系统、python、深度学习、机器学习。要求具备扎实的编程基础与数据敏感度，熟悉主流工具链，有良好的团队协作与文档习惯。,2026-06-05,https://job.example.com/42_00205,11.0,20.0,15.5,"['算法', '推荐系统', 'python', '深度学习', '机器学习']",5
数据运营,广州,本科,5-10年,云合科技有限公司,500-2000人,国企,1.8-2.5万/月,"用户增长, sql, 数据分析, excel, 数据可视化",数据运营岗位：参与数据模型设计与报表开发，支持业务决策。核心技能：用户增长、sql、数据分析、excel、数据可视化。要求具备扎实的编程基础与数据敏感度，熟悉主流工具链，有良好的团队协作与文档习惯。,2026-07-11,https://job.example.com/42_00206,18.0,25.0,21.5,"['用户增长', 'sql', '数据分析', 'excel', '数据可视化']",5
Python开发工程师,上海,硕士,3-5年,智途智能有限公司,2000人以上,上市公司,1.8-2.7万/月,"sql, flask, docker, django, 爬虫",Python开发工程师岗位：与产品和运营协作，输出数据专题分析报告。核心技能：sql、flask、docker、django、爬虫。要求具备扎实的编程基础与数据敏感度，熟悉主流工具链，有良好的团队协作与文档习惯。,2026-06-20,https://job.example.com/42_00207,18.0,27.0,22.5,"['sql', 'flask', 'docker', 'django', '爬虫']",5
数据挖掘工程师,上海,本科,3-5年,启图软件有限公司,2000人以上,上市公司,17-24K·13薪,"spark, python, 数据挖掘, pandas, 机器学习",数据挖掘工程师岗位：负责核心算法的调研、实现与线上效果优化。核心技能：spark、python、数据挖掘、pandas、机器学习。要求具备扎实的编程基础与数据敏感度，熟悉主流工具链，有良好的团队协作与文档习惯。,2026-06-19,https://job.example.com/42_00208,17.0,24.0,20.5,"['spark', 'python', '数据挖掘', 'pandas', '机器学习']",5
ETL工程师,武汉,本科,1-3年,蓝数科技有限公司,150-500人,外资,14-18K·16薪,"hive, linux, etl, sql, python",ETL工程师岗位：与产品和运营协作，输出数据专题分析报告。核心技能：hive、linux、etl、sql、python。要求具备扎实的编程基础与数据敏感度，熟悉主流工具链，有良好的团队协作与文档习惯。,2026-06-30,https://job.example.com/42_00209,14.0,18.0,16.0,"['hive', 'linux', 'etl', 'sql', 'python']",5
数据挖掘工程师,杭州,大专,1-3年,星合数据有限公司,500-2000人,合资,1.4-1.7万/月,"spark, 数据挖掘, 统计学, sql, pandas",数据挖掘工程师岗位：负责业务数据的采集、清洗与指标体系搭建。核心技能：spark、数据挖掘、统计学、sql、pandas。要求具备扎实的编程基础与数据敏感度，熟悉主流工具链，有良好的团队协作与文档习惯。,2026-08-05,https://job.example.com/42_00210,14.0,17.0,15.5,"['spark', '数据挖掘', '统计学', 'sql', 'pandas']",5
数据挖掘工程师,上海,本科,3-5年,智帆科技有限公司,50-150人,民营,18-24K,"pandas, sql, 机器学习, python, 统计学",数据挖掘工程师岗位：参与数据模型设计与报表开发，支持业务决策。核心技能：pandas、sql、机器学习、python、统计学。要求具备扎实的编程基础与数据敏感度，熟悉主流工具链，有良好的团队协作与文档习惯。,2026-07-18,https://job.example.com/42_00211,18.0,24.0,21.0,"['pandas', 'sql', '机器学习', 'python', '统计学']",5
数据产品经理,武汉,大专,经验不限,启帆软件有限公司,2000人以上,上市公司,8-15K·15薪,"excel, 数据可视化, 需求分析, 产品设计, sql",数据产品经理岗位：参与数据平台建设，保障数据质量与时效性。核心技能：excel、数据可视化、需求分析、产品设计、sql。要求具备扎实的编程基础与数据敏感度，熟悉主流工具链，有良好的团队协作与文档习惯。,2026-08-28,https://job.example.com/42_00212,8.0,15.0,11.5,"['excel', '数据可视化', '需求分析', '产品设计', 'sql']",5
Python开发工程师,杭州,本科,1-3年,海帆网络有限公司,500-2000人,上市公司,面议,"python, linux, flask, django, 爬虫",Python开发工程师岗位：参与数据模型设计与报表开发，支持业务决策。核心技能：python、linux、flask、django、爬虫。要求具备扎实的编程基础与数据敏感度，熟悉主流工具链，有良好的团队协作与文档习惯。,2026-07-31,https://job.example.com/42_00213,,,,"['python', 'linux', 'flask', 'django', '爬虫']",5
数据挖掘工程师,广州,硕士,5-10年,启合网络有限公司,500-2000人,外资,21-30K·14薪,"python, 机器学习, 数据挖掘, pandas, sql",数据挖掘工程师岗位：负责核心算法的调研、实现与线上效果优化。核心技能：python、机器学习、数据挖掘、pandas、sql。要求具备扎实的编程基础与数据敏感度，熟悉主流工具链，有良好的团队协作与文档习惯。,2026-06-14,https://job.example.com/42_00214,21.0,30.0,25.5,"['python', '机器学习', '数据挖掘', 'pandas', 'sql']",5
数据分析师,成都,硕士,3-5年,启途网络有限公司,150-500人,外资,1.8-2.5万/月,"数据可视化, 统计学, pandas, excel, numpy",数据分析师岗位：负责业务数据的采集、清洗与指标体系搭建。核心技能：数据可视化、统计学、pandas、excel、numpy。要求具备扎实的编程基础与数据敏感度，熟悉主流工具链，有良好的团队协作与文档习惯。,2026-06-25,https://job.example.com/42_00215,18.0,25.0,21.5,"['数据可视化', '统计学', 'pandas', 'excel', 'numpy']",5
数据挖掘工程师,深圳,本科,5-10年,海途软件有限公司,150-500人,外资,2.1-3.0万/月,"spark, pandas, sql, 数据挖掘, 统计学",数据挖掘工程师岗位：参与数据模型设计与报表开发，支持业务决策。核心技能：spark、pandas、sql、数据挖掘、统计学。要求具备扎实的编程基础与数据敏感度，熟悉主流工具链，有良好的团队协作与文档习惯。,2026-06-05,https://job.example.com/42_00216,21.0,30.0,25.5,"['spark', 'pandas', 'sql', '数据挖掘', '统计学']",5
ETL工程师,深圳,本科,3-5年,锐数数据有限公司,2000人以上,国企,19-24K·15薪,"linux, etl, 数据仓库, spark, hive",ETL工程师岗位：负责核心算法的调研、实现与线上效果优化。核心技能：linux、etl、数据仓库、spark、hive。要求具备扎实的编程基础与数据敏感度，熟悉主流工具链，有良好的团队协作与文档习惯。,2026-07-04,https://job.example.com/42_00217,19.0,24.0,21.5,"['linux', 'etl', '数据仓库', 'spark', 'hive']",5
数据运营,广州,大专,1-3年,启脉网络有限公司,150-500人,外资,14-18K·13薪,"python, excel, sql, 用户增长, 数据分析",数据运营岗位：负责核心算法的调研、实现与线上效果优化。核心技能：python、excel、sql、用户增长、数据分析。要求具备扎实的编程基础与数据敏感度，熟悉主流工具链，有良好的团队协作与文档习惯。,2026-06-07,https://job.example.com/42_00218,14.0,18.0,16.0,"['python', 'excel', 'sql', '用户增长', '数据分析']",5
ETL工程师,上海,硕士,在校/应届,智脉数据有限公司,50-150人,国企,16-21K,"数据仓库, sql, spark, hive, etl",ETL工程师岗位：负责业务数据的采集、清洗与指标体系搭建。核心技能：数据仓库、sql、spark、hive、etl。要求具备扎实的编程基础与数据敏感度，熟悉主流工具链，有良好的团队协作与文档习惯。,2026-06-24,https://job.example.com/42_00219,16.0,21.0,18.5,"['数据仓库', 'sql', 'spark', 'hive', 'etl']",5
Python开发工程师,南京,本科,3-5年,星脉数据有限公司,2000人以上,国企,13-18K·14薪,"linux, docker, python, flask, 爬虫",Python开发工程师岗位：负责核心算法的调研、实现与线上效果优化。核心技能：linux、docker、python、flask、爬虫。要求具备扎实的编程基础与数据敏感度，熟悉主流工具链，有良好的团队协作与文档习惯。,2026-07-26,https://job.example.com/42_00220,13.0,18.0,15.5,"['linux', 'docker', 'python', 'flask', '爬虫']",5
BI工程师,武汉,硕士,1-3年,云数智能有限公司,50-150人,民营,1.4-2.0万/月,"数据可视化, sql, etl, powerbi, excel",BI工程师岗位：负责核心算法的调研、实现与线上效果优化。核心技能：数据可视化、sql、etl、powerbi、excel。要求具备扎实的编程基础与数据敏感度，熟悉主流工具链，有良好的团队协作与文档习惯。,2026-08-28,https://job.example.com/42_00221,14.0,20.0,17.0,"['数据可视化', 'sql', 'etl', 'powerbi', 'excel']",5
算法工程师,杭州,本科,经验不限,智途网络有限公司,150-500人,合资,1.4-2.3万/月,"深度学习, 推荐系统, nlp, 机器学习, python",算法工程师岗位：负责业务数据的采集、清洗与指标体系搭建。核心技能：深度学习、推荐系统、nlp、机器学习、python。要求具备扎实的编程基础与数据敏感度，熟悉主流工具链，有良好的团队协作与文档习惯。,2026-08-27,https://job.example.com/42_00222,14.0,23.0,18.5,"['深度学习', '推荐系统', 'nlp', '机器学习', 'python']",5
数据挖掘工程师,成都,硕士,1-3年,星图数据有限公司,50-150人,民营,14-18K,"spark, 机器学习, 统计学, sql, python",数据挖掘工程师岗位：参与数据模型设计与报表开发，支持业务决策。核心技能：spark、机器学习、统计学、sql、python。要求具备扎实的编程基础与数据敏感度，熟悉主流工具链，有良好的团队协作与文档习惯。,2026-08-23,https://job.example.com/42_00223,14.0,18.0,16.0,"['spark', '机器学习', '统计学', 'sql', 'python']",5
数据分析师,武汉,大专,1-3年,海途科技有限公司,少于50人,民营,12-16K·14薪,"统计学, 数据可视化, excel, python, pandas",数据分析师岗位：负责业务数据的采集、清洗与指标体系搭建。核心技能：统计学、数据可视化、excel、python、pandas。要求具备扎实的编程基础与数据敏感度，熟悉主流工具链，有良好的团队协作与文档习惯。,2026-07-03,https://job.example.com/42_00224,12.0,16.0,14.0,"['统计学', '数据可视化', 'excel', 'python', 'pandas']",5
数据产品经理,广州,本科,3-5年,蓝创智能有限公司,50-150人,合资,1.5-1.9万/月,"excel, 数据可视化, sql, 需求分析, 用户研究",数据产品经理岗位：参与数据平台建设，保障数据质量与时效性。核心技能：excel、数据可视化、sql、需求分析、用户研究。要求具备扎实的编程基础与数据敏感度，熟悉主流工具链，有良好的团队协作与文档习惯。,2026-07-07,https://job.example.com/42_00225,15.0,19.0,17.0,"['excel', '数据可视化', 'sql', '需求分析', '用户研究']",5
Python开发工程师,上海,硕士,在校/应届,蓝帆科技有限公司,2000人以上,合资,1.6-2.4万/月,"flask, linux, docker, django, sql",Python开发工程师岗位：与产品和运营协作，输出数据专题分析报告。核心技能：flask、linux、docker、django、sql。要求具备扎实的编程基础与数据敏感度，熟悉主流工具链，有良好的团队协作与文档习惯。,2026-07-01,https://job.example.com/42_00226,16.0,24.0,20.0,"['flask', 'linux', 'docker', 'django', 'sql']",5
数据分析师,北京,大专,经验不限,云图科技有限公司,150-500人,国企,12-19K·13薪,"python, 数据可视化, numpy, sql, 统计学",数据分析师岗位：参与数据平台建设，保障数据质量与时效性。核心技能：python、数据可视化、numpy、sql、统计学。要求具备扎实的编程基础与数据敏感度，熟悉主流工具链，有良好的团队协作与文档习惯。,2026-06-07,https://job.example.com/42_00227,12.0,19.0,15.5,"['python', '数据可视化', 'numpy', 'sql', '统计学']",5
Python开发工程师,广州,不限,经验不限,云脉科技有限公司,少于50人,国企,1.0-1.8万/月,"爬虫, docker, django, flask, linux",Python开发工程师岗位：负责业务数据的采集、清洗与指标体系搭建。核心技能：爬虫、docker、django、flask、linux。要求具备扎实的编程基础与数据敏感度，熟悉主流工具链，有良好的团队协作与文档习惯。,2026-07-16,https://job.example.com/42_00228,10.0,18.0,14.0,"['爬虫', 'docker', 'django', 'flask', 'linux']",5
数据产品经理,杭州,大专,经验不限,启数软件有限公司,500-2000人,合资,10-14K,"sql, excel, 需求分析, 数据可视化, 产品设计",数据产品经理岗位：与产品和运营协作，输出数据专题分析报告。核心技能：sql、excel、需求分析、数据可视化、产品设计。要求具备扎实的编程基础与数据敏感度，熟悉主流工具链，有良好的团队协作与文档习惯。,2026-08-29,https://job.example.com/42_00229,10.0,14.0,12.0,"['sql', 'excel', '需求分析', '数据可视化', '产品设计']",5
数据分析师,广州,本科,1-3年,启脉网络有限公司,2000人以上,民营,1.4-2.4万/月,"数据可视化, numpy, 统计学, excel, python",数据分析师岗位：参与数据平台建设，保障数据质量与时效性。核心技能：数据可视化、numpy、统计学、excel、python。要求具备扎实的编程基础与数据敏感度，熟悉主流工具链，有良好的团队协作与文档习惯。,2026-08-02,https://job.example.com/42_00230,14.0,24.0,19.0,"['数据可视化', 'numpy', '统计学', 'excel', 'python']",5
Python开发工程师,武汉,硕士,经验不限,智图智能有限公司,2000人以上,国企,1.3-1.7万/月,"python, docker, django, 爬虫, flask",Python开发工程师岗位：参与数据平台建设，保障数据质量与时效性。核心技能：python、docker、django、爬虫、flask。要求具备扎实的编程基础与数据敏感度，熟悉主流工具链，有良好的团队协作与文档习惯。,2026-07-26,https://job.example.com/42_00231,13.0,17.0,15.0,"['python', 'docker', 'django', '爬虫', 'flask']",5
机器学习工程师,南京,本科,3-5年,海帆智能有限公司,500-2000人,合资,1.3-2.3万/月,"nlp, tensorflow, 机器学习, 深度学习, python",机器学习工程师岗位：负责业务数据的采集、清洗与指标体系搭建。核心技能：nlp、tensorflow、机器学习、深度学习、python。要求具备扎实的编程基础与数据敏感度，熟悉主流工具链，有良好的团队协作与文档习惯。,2026-07-12,https://job.example.com/42_00232,13.0,23.0,18.0,"['nlp', 'tensorflow', '机器学习', '深度学习', 'python']",5
机器学习工程师,成都,本科,经验不限,启合智能有限公司,500-2000人,民营,1.2-2.0万/月,"pytorch, 机器学习, tensorflow, nlp, python",机器学习工程师岗位：负责业务数据的采集、清洗与指标体系搭建。核心技能：pytorch、机器学习、tensorflow、nlp、python。要求具备扎实的编程基础与数据敏感度，熟悉主流工具链，有良好的团队协作与文档习惯。,2026-06-16,https://job.example.com/42_00233,12.0,20.0,16.0,"['pytorch', '机器学习', 'tensorflow', 'nlp', 'python']",5
数据产品经理,北京,本科,1-3年,锐帆软件有限公司,150-500人,外资,1.6-2.6万/月,"产品设计, 数据可视化, 用户研究, excel, 需求分析",数据产品经理岗位：参与数据平台建设，保障数据质量与时效性。核心技能：产品设计、数据可视化、用户研究、excel、需求分析。要求具备扎实的编程基础与数据敏感度，熟悉主流工具链，有良好的团队协作与文档习惯。,2026-07-13,https://job.example.com/42_00234,16.0,26.0,21.0,"['产品设计', '数据可视化', '用户研究', 'excel', '需求分析']",5
数据运营,南京,大专,3-5年,蓝数网络有限公司,2000人以上,上市公司,11-14K,"数据可视化, 用户增长, excel, 数据分析, python",数据运营岗位：负责业务数据的采集、清洗与指标体系搭建。核心技能：数据可视化、用户增长、excel、数据分析、python。要求具备扎实的编程基础与数据敏感度，熟悉主流工具链，有良好的团队协作与文档习惯。,2026-08-03,https://job.example.com/42_00235,11.0,14.0,12.5,"['数据可视化', '用户增长', 'excel', '数据分析', 'python']",5
数据挖掘工程师,武汉,本科,1-3年,启脉数据有限公司,150-500人,民营,1.1-1.5万/月,"pandas, 机器学习, 统计学, python, spark",数据挖掘工程师岗位：参与数据模型设计与报表开发，支持业务决策。核心技能：pandas、机器学习、统计学、python、spark。要求具备扎实的编程基础与数据敏感度，熟悉主流工具链，有良好的团队协作与文档习惯。,2026-07-28,https://job.example.com/42_00236,11.0,15.0,13.0,"['pandas', '机器学习', '统计学', 'python', 'spark']",5
数据产品经理,广州,硕士,经验不限,智帆智能有限公司,50-150人,国企,薪资面议,"用户研究, 数据可视化, 产品设计, sql, 需求分析",数据产品经理岗位：参与数据平台建设，保障数据质量与时效性。核心技能：用户研究、数据可视化、产品设计、sql、需求分析。要求具备扎实的编程基础与数据敏感度，熟悉主流工具链，有良好的团队协作与文档习惯。,2026-08-04,https://job.example.com/42_00237,,,,"['用户研究', '数据可视化', '产品设计', 'sql', '需求分析']",5
BI工程师,武汉,硕士,3-5年,智帆数据有限公司,500-2000人,上市公司,1.7-2.5万/月,"tableau, powerbi, 数据可视化, excel, etl",BI工程师岗位：与产品和运营协作，输出数据专题分析报告。核心技能：tableau、powerbi、数据可视化、excel、etl。要求具备扎实的编程基础与数据敏感度，熟悉主流工具链，有良好的团队协作与文档习惯。,2026-08-10,https://job.example.com/42_00238,17.0,25.0,21.0,"['tableau', 'powerbi', '数据可视化', 'excel', 'etl']",5
机器学习工程师,深圳,本科,3-5年,锐创网络有限公司,少于50人,外资,19-26K·16薪,"nlp, 深度学习, pytorch, tensorflow, python",机器学习工程师岗位：参与数据模型设计与报表开发，支持业务决策。核心技能：nlp、深度学习、pytorch、tensorflow、python。要求具备扎实的编程基础与数据敏感度，熟悉主流工具链，有良好的团队协作与文档习惯。,2026-07-25,https://job.example.com/42_00239,19.0,26.0,22.5,"['nlp', '深度学习', 'pytorch', 'tensorflow', 'python']",5
数据分析师,上海,本科,1-3年,蓝图网络有限公司,50-150人,民营,1.6-2.2万/月,"sql, python, excel, 统计学, numpy",数据分析师岗位：参与数据模型设计与报表开发，支持业务决策。核心技能：sql、python、excel、统计学、numpy。要求具备扎实的编程基础与数据敏感度，熟悉主流工具链，有良好的团队协作与文档习惯。,2026-08-09,https://job.example.com/42_00240,16.0,22.0,19.0,"['sql', 'python', 'excel', '统计学', 'numpy']",5
数据分析师,成都,不限,1-3年,启帆智能有限公司,150-500人,民营,1.2-2.1万/月,"python, 数据可视化, excel, sql, pandas",数据分析师岗位：参与数据平台建设，保障数据质量与时效性。核心技能：python、数据可视化、excel、sql、pandas。要求具备扎实的编程基础与数据敏感度，熟悉主流工具链，有良好的团队协作与文档习惯。,2026-08-27,https://job.example.com/42_00241,12.0,21.0,16.5,"['python', '数据可视化', 'excel', 'sql', 'pandas']",5
算法工程师,北京,本科,3-5年,智创智能有限公司,2000人以上,国企,1.8-2.5万/月,"机器学习, 算法, 推荐系统, 深度学习, python",算法工程师岗位：负责核心算法的调研、实现与线上效果优化。核心技能：机器学习、算法、推荐系统、深度学习、python。要求具备扎实的编程基础与数据敏感度，熟悉主流工具链，有良好的团队协作与文档习惯。,2026-07-28,https://job.example.com/42_00242,18.0,25.0,21.5,"['机器学习', '算法', '推荐系统', '深度学习', 'python']",5
数据挖掘工程师,上海,本科,在校/应届,蓝创网络有限公司,50-150人,国企,13-16K,"统计学, pandas, python, sql, spark",数据挖掘工程师岗位：与产品和运营协作，输出数据专题分析报告。核心技能：统计学、pandas、python、sql、spark。要求具备扎实的编程基础与数据敏感度，熟悉主流工具链，有良好的团队协作与文档习惯。,2026-07-30,https://job.example.com/42_00243,13.0,16.0,14.5,"['统计学', 'pandas', 'python', 'sql', 'spark']",5
数据挖掘工程师,北京,本科,1-3年,锐数科技有限公司,150-500人,上市公司,16-20K·16薪,"pandas, python, spark, 数据挖掘, 机器学习",数据挖掘工程师岗位：参与数据平台建设，保障数据质量与时效性。核心技能：pandas、python、spark、数据挖掘、机器学习。要求具备扎实的编程基础与数据敏感度，熟悉主流工具链，有良好的团队协作与文档习惯。,2026-08-04,https://job.example.com/42_00244,16.0,20.0,18.0,"['pandas', 'python', 'spark', '数据挖掘', '机器学习']",5
数据挖掘工程师,武汉,硕士,3-5年,蓝数网络有限公司,50-150人,上市公司,15-19K·15薪,"sql, python, 数据挖掘, 机器学习, 统计学",数据挖掘工程师岗位：负责核心算法的调研、实现与线上效果优化。核心技能：sql、python、数据挖掘、机器学习、统计学。要求具备扎实的编程基础与数据敏感度，熟悉主流工具链，有良好的团队协作与文档习惯。,2026-07-15,https://job.example.com/42_00245,15.0,19.0,17.0,"['sql', 'python', '数据挖掘', '机器学习', '统计学']",5
数据产品经理,深圳,大专,3-5年,智途软件有限公司,150-500人,上市公司,1.4-2.2万/月,"用户研究, 需求分析, 数据可视化, sql, excel",数据产品经理岗位：与产品和运营协作，输出数据专题分析报告。核心技能：用户研究、需求分析、数据可视化、sql、excel。要求具备扎实的编程基础与数据敏感度，熟悉主流工具链，有良好的团队协作与文档习惯。,2026-08-05,https://job.example.com/42_00246,14.0,22.0,18.0,"['用户研究', '需求分析', '数据可视化', 'sql', 'excel']",5
数据运营,南京,硕士,经验不限,星脉智能有限公司,2000人以上,民营,12-18K·16薪,"数据可视化, sql, python, 用户增长, excel",数据运营岗位：负责业务数据的采集、清洗与指标体系搭建。核心技能：数据可视化、sql、python、用户增长、excel。要求具备扎实的编程基础与数据敏感度，熟悉主流工具链，有良好的团队协作与文档习惯。,2026-08-27,https://job.example.com/42_00247,12.0,18.0,15.0,"['数据可视化', 'sql', 'python', '用户增长', 'excel']",5
BI工程师,上海,本科,3-5年,启图网络有限公司,少于50人,民营,面议,"excel, 数据可视化, sql, powerbi, etl",BI工程师岗位：负责业务数据的采集、清洗与指标体系搭建。核心技能：excel、数据可视化、sql、powerbi、etl。要求具备扎实的编程基础与数据敏感度，熟悉主流工具链，有良好的团队协作与文档习惯。,2026-07-03,https://job.example.com/42_00248,,,,"['excel', '数据可视化', 'sql', 'powerbi', 'etl']",5
数据运营,上海,硕士,5-10年,启数科技有限公司,500-2000人,民营,20-23K·15薪,"sql, 数据可视化, 用户增长, python, 数据分析",数据运营岗位：与产品和运营协作，输出数据专题分析报告。核心技能：sql、数据可视化、用户增长、python、数据分析。要求具备扎实的编程基础与数据敏感度，熟悉主流工具链，有良好的团队协作与文档习惯。,2026-06-10,https://job.example.com/42_00249,20.0,23.0,21.5,"['sql', '数据可视化', '用户增长', 'python', '数据分析']",5
算法工程师,上海,本科,5-10年,启合科技有限公司,500-2000人,国企,19-28K·16薪,"nlp, 机器学习, 推荐系统, python, 算法",算法工程师岗位：与产品和运营协作，输出数据专题分析报告。核心技能：nlp、机器学习、推荐系统、python、算法。要求具备扎实的编程基础与数据敏感度，熟悉主流工具链，有良好的团队协作与文档习惯。,2026-08-09,https://job.example.com/42_00250,19.0,28.0,23.5,"['nlp', '机器学习', '推荐系统', 'python', '算法']",5
大数据开发工程师,广州,本科,3-5年,星途科技有限公司,少于50人,上市公司,15-22K,"sql, linux, hadoop, java, hive",大数据开发工程师岗位：参与数据平台建设，保障数据质量与时效性。核心技能：sql、linux、hadoop、java、hive。要求具备扎实的编程基础与数据敏感度，熟悉主流工具链，有良好的团队协作与文档习惯。,2026-07-15,https://job.example.com/42_00251,15.0,22.0,18.5,"['sql', 'linux', 'hadoop', 'java', 'hive']",5
机器学习工程师,武汉,大专,5-10年,智数数据有限公司,少于50人,国企,1.3-2.3万/月,"pytorch, 机器学习, nlp, python, 深度学习",机器学习工程师岗位：参与数据平台建设，保障数据质量与时效性。核心技能：pytorch、机器学习、nlp、python、深度学习。要求具备扎实的编程基础与数据敏感度，熟悉主流工具链，有良好的团队协作与文档习惯。,2026-08-22,https://job.example.com/42_00252,13.0,23.0,18.0,"['pytorch', '机器学习', 'nlp', 'python', '深度学习']",5
数据运营,上海,本科,3-5年,蓝帆数据有限公司,少于50人,外资,17-25K·13薪,"excel, 数据可视化, python, 用户增长, sql",数据运营岗位：负责核心算法的调研、实现与线上效果优化。核心技能：excel、数据可视化、python、用户增长、sql。要求具备扎实的编程基础与数据敏感度，熟悉主流工具链，有良好的团队协作与文档习惯。,2026-07-28,https://job.example.com/42_00253,17.0,25.0,21.0,"['excel', '数据可视化', 'python', '用户增长', 'sql']",5
算法工程师,杭州,大专,3-5年,星途网络有限公司,50-150人,国企,1.6-2.3万/月,"算法, 推荐系统, nlp, 机器学习, 数据结构",算法工程师岗位：与产品和运营协作，输出数据专题分析报告。核心技能：算法、推荐系统、nlp、机器学习、数据结构。要求具备扎实的编程基础与数据敏感度，熟悉主流工具链，有良好的团队协作与文档习惯。,2026-07-17,https://job.example.com/42_00254,16.0,23.0,19.5,"['算法', '推荐系统', 'nlp', '机器学习', '数据结构']",5
数据挖掘工程师,成都,硕士,1-3年,星图智能有限公司,少于50人,外资,1.4-2.0万/月,"sql, 数据挖掘, 统计学, spark, pandas",数据挖掘工程师岗位：负责业务数据的采集、清洗与指标体系搭建。核心技能：sql、数据挖掘、统计学、spark、pandas。要求具备扎实的编程基础与数据敏感度，熟悉主流工具链，有良好的团队协作与文档习惯。,2026-07-04,https://job.example.com/42_00255,14.0,20.0,17.0,"['sql', '数据挖掘', '统计学', 'spark', 'pandas']",5
Python开发工程师,上海,本科,5-10年,云创网络有限公司,2000人以上,上市公司,19-27K·13薪,"flask, django, python, sql, docker",Python开发工程师岗位：参与数据模型设计与报表开发，支持业务决策。核心技能：flask、django、python、sql、docker。要求具备扎实的编程基础与数据敏感度，熟悉主流工具链，有良好的团队协作与文档习惯。,2026-06-29,https://job.example.com/42_00256,19.0,27.0,23.0,"['flask', 'django', 'python', 'sql', 'docker']",5
ETL工程师,杭州,本科,1-3年,云图数据有限公司,2000人以上,国企,1.4-2.4万/月,"数据仓库, python, sql, spark, etl",ETL工程师岗位：参与数据平台建设，保障数据质量与时效性。核心技能：数据仓库、python、sql、spark、etl。要求具备扎实的编程基础与数据敏感度，熟悉主流工具链，有良好的团队协作与文档习惯。,2026-06-21,https://job.example.com/42_00257,14.0,24.0,19.0,"['数据仓库', 'python', 'sql', 'spark', 'etl']",5
数据挖掘工程师,广州,大专,3-5年,云数网络有限公司,50-150人,民营,1.5-2.4万/月,"sql, 数据挖掘, python, 机器学习, spark",数据挖掘工程师岗位：参与数据模型设计与报表开发，支持业务决策。核心技能：sql、数据挖掘、python、机器学习、spark。要求具备扎实的编程基础与数据敏感度，熟悉主流工具链，有良好的团队协作与文档习惯。,2026-07-31,https://job.example.com/42_00258,15.0,24.0,19.5,"['sql', '数据挖掘', 'python', '机器学习', 'spark']",5
数据产品经理,北京,本科,3-5年,锐创数据有限公司,500-2000人,合资,16-23K·13薪,"sql, 数据可视化, excel, 产品设计, 需求分析",数据产品经理岗位：参与数据平台建设，保障数据质量与时效性。核心技能：sql、数据可视化、excel、产品设计、需求分析。要求具备扎实的编程基础与数据敏感度，熟悉主流工具链，有良好的团队协作与文档习惯。,2026-06-29,https://job.example.com/42_00259,16.0,23.0,19.5,"['sql', '数据可视化', 'excel', '产品设计', '需求分析']",5
数据运营,武汉,本科,5-10年,星合数据有限公司,50-150人,民营,17-23K,"数据可视化, 用户增长, 数据分析, python, excel",数据运营岗位：参与数据平台建设，保障数据质量与时效性。核心技能：数据可视化、用户增长、数据分析、python、excel。要求具备扎实的编程基础与数据敏感度，熟悉主流工具链，有良好的团队协作与文档习惯。,2026-06-24,https://job.example.com/42_00260,17.0,23.0,20.0,"['数据可视化', '用户增长', '数据分析', 'python', 'excel']",5
数据挖掘工程师,成都,硕士,3-5年,启图软件有限公司,500-2000人,国企,18-21K,"spark, python, 机器学习, sql, pandas",数据挖掘工程师岗位：负责业务数据的采集、清洗与指标体系搭建。核心技能：spark、python、机器学习、sql、pandas。要求具备扎实的编程基础与数据敏感度，熟悉主流工具链，有良好的团队协作与文档习惯。,2026-06-06,https://job.example.com/42_00261,18.0,21.0,19.5,"['spark', 'python', '机器学习', 'sql', 'pandas']",5
数据挖掘工程师,广州,本科,3-5年,蓝帆智能有限公司,500-2000人,上市公司,1.5-2.2万/月,"pandas, python, spark, 机器学习, 统计学",数据挖掘工程师岗位：参与数据模型设计与报表开发，支持业务决策。核心技能：pandas、python、spark、机器学习、统计学。要求具备扎实的编程基础与数据敏感度，熟悉主流工具链，有良好的团队协作与文档习惯。,2026-06-11,https://job.example.com/42_00262,15.0,22.0,18.5,"['pandas', 'python', 'spark', '机器学习', '统计学']",5
机器学习工程师,南京,硕士,1-3年,智脉数据有限公司,2000人以上,上市公司,15-25K·14薪,"tensorflow, 机器学习, pytorch, nlp, python",机器学习工程师岗位：参与数据平台建设，保障数据质量与时效性。核心技能：tensorflow、机器学习、pytorch、nlp、python。要求具备扎实的编程基础与数据敏感度，熟悉主流工具链，有良好的团队协作与文档习惯。,2026-08-15,https://job.example.com/42_00263,15.0,25.0,20.0,"['tensorflow', '机器学习', 'pytorch', 'nlp', 'python']",5
Python开发工程师,深圳,硕士,1-3年,海合数据有限公司,2000人以上,民营,16-20K,"linux, python, django, 爬虫, docker",Python开发工程师岗位：参与数据平台建设，保障数据质量与时效性。核心技能：linux、python、django、爬虫、docker。要求具备扎实的编程基础与数据敏感度，熟悉主流工具链，有良好的团队协作与文档习惯。,2026-08-01,https://job.example.com/42_00264,16.0,20.0,18.0,"['linux', 'python', 'django', '爬虫', 'docker']",5
数据挖掘工程师,北京,不限,3-5年,海创软件有限公司,50-150人,合资,1.8-2.6万/月,"统计学, sql, pandas, spark, 机器学习",数据挖掘工程师岗位：负责业务数据的采集、清洗与指标体系搭建。核心技能：统计学、sql、pandas、spark、机器学习。要求具备扎实的编程基础与数据敏感度，熟悉主流工具链，有良好的团队协作与文档习惯。,2026-08-15,https://job.example.com/42_00265,18.0,26.0,22.0,"['统计学', 'sql', 'pandas', 'spark', '机器学习']",5
ETL工程师,上海,硕士,在校/应届,锐合网络有限公司,50-150人,民营,1.3-1.7万/月,"hive, spark, etl, sql, 数据仓库",ETL工程师岗位：参与数据平台建设，保障数据质量与时效性。核心技能：hive、spark、etl、sql、数据仓库。要求具备扎实的编程基础与数据敏感度，熟悉主流工具链，有良好的团队协作与文档习惯。,2026-08-06,https://job.example.com/42_00266,13.0,17.0,15.0,"['hive', 'spark', 'etl', 'sql', '数据仓库']",5
数据分析师,武汉,大专,在校/应届,启图智能有限公司,150-500人,外资,0.9-1.7万/月,"excel, pandas, numpy, 统计学, python",数据分析师岗位：参与数据模型设计与报表开发，支持业务决策。核心技能：excel、pandas、numpy、统计学、python。要求具备扎实的编程基础与数据敏感度，熟悉主流工具链，有良好的团队协作与文档习惯。,2026-08-18,https://job.example.com/42_00267,9.0,17.0,13.0,"['excel', 'pandas', 'numpy', '统计学', 'python']",5
大数据开发工程师,武汉,不限,在校/应届,锐创软件有限公司,150-500人,外资,9-14K·16薪,"flink, hive, linux, sql, java",大数据开发工程师岗位：负责核心算法的调研、实现与线上效果优化。核心技能：flink、hive、linux、sql、java。要求具备扎实的编程基础与数据敏感度，熟悉主流工具链，有良好的团队协作与文档习惯。,2026-08-24,https://job.example.com/42_00268,9.0,14.0,11.5,"['flink', 'hive', 'linux', 'sql', 'java']",5
Python开发工程师,深圳,硕士,5-10年,智数智能有限公司,2000人以上,民营,20-24K·16薪,"django, linux, python, 爬虫, docker",Python开发工程师岗位：与产品和运营协作，输出数据专题分析报告。核心技能：django、linux、python、爬虫、docker。要求具备扎实的编程基础与数据敏感度，熟悉主流工具链，有良好的团队协作与文档习惯。,2026-06-19,https://job.example.com/42_00269,20.0,24.0,22.0,"['django', 'linux', 'python', '爬虫', 'docker']",5
数据产品经理,武汉,本科,经验不限,启创智能有限公司,150-500人,上市公司,面议,"sql, 需求分析, excel, 数据可视化, 产品设计",数据产品经理岗位：与产品和运营协作，输出数据专题分析报告。核心技能：sql、需求分析、excel、数据可视化、产品设计。要求具备扎实的编程基础与数据敏感度，熟悉主流工具链，有良好的团队协作与文档习惯。,2026-08-21,https://job.example.com/42_00270,,,,"['sql', '需求分析', 'excel', '数据可视化', '产品设计']",5
数据产品经理,南京,本科,在校/应届,锐创数据有限公司,2000人以上,国企,1.0-1.6万/月,"excel, 用户研究, sql, 数据可视化, 产品设计",数据产品经理岗位：参与数据平台建设，保障数据质量与时效性。核心技能：excel、用户研究、sql、数据可视化、产品设计。要求具备扎实的编程基础与数据敏感度，熟悉主流工具链，有良好的团队协作与文档习惯。,2026-08-23,https://job.example.com/42_00271,10.0,16.0,13.0,"['excel', '用户研究', 'sql', '数据可视化', '产品设计']",5
数据分析师,广州,本科,1-3年,星创科技有限公司,少于50人,民营,15-23K·16薪,"统计学, numpy, pandas, excel, sql",数据分析师岗位：参与数据平台建设，保障数据质量与时效性。核心技能：统计学、numpy、pandas、excel、sql。要求具备扎实的编程基础与数据敏感度，熟悉主流工具链，有良好的团队协作与文档习惯。,2026-07-06,https://job.example.com/42_00272,15.0,23.0,19.0,"['统计学', 'numpy', 'pandas', 'excel', 'sql']",5
机器学习工程师,深圳,硕士,1-3年,云创科技有限公司,2000人以上,外资,16-23K·14薪,"pytorch, python, 深度学习, nlp, 机器学习",机器学习工程师岗位：参与数据平台建设，保障数据质量与时效性。核心技能：pytorch、python、深度学习、nlp、机器学习。要求具备扎实的编程基础与数据敏感度，熟悉主流工具链，有良好的团队协作与文档习惯。,2026-08-13,https://job.example.com/42_00273,16.0,23.0,19.5,"['pytorch', 'python', '深度学习', 'nlp', '机器学习']",5
大数据开发工程师,南京,硕士,3-5年,锐脉科技有限公司,500-2000人,民营,18-24K·15薪,"flink, spark, hadoop, sql, hive",大数据开发工程师岗位：与产品和运营协作，输出数据专题分析报告。核心技能：flink、spark、hadoop、sql、hive。要求具备扎实的编程基础与数据敏感度，熟悉主流工具链，有良好的团队协作与文档习惯。,2026-08-29,https://job.example.com/42_00274,18.0,24.0,21.0,"['flink', 'spark', 'hadoop', 'sql', 'hive']",5
机器学习工程师,成都,硕士,1-3年,蓝途软件有限公司,150-500人,民营,14-24K,"pytorch, nlp, python, 深度学习, 机器学习",机器学习工程师岗位：参与数据模型设计与报表开发，支持业务决策。核心技能：pytorch、nlp、python、深度学习、机器学习。要求具备扎实的编程基础与数据敏感度，熟悉主流工具链，有良好的团队协作与文档习惯。,2026-07-16,https://job.example.com/42_00275,14.0,24.0,19.0,"['pytorch', 'nlp', 'python', '深度学习', '机器学习']",5
机器学习工程师,杭州,本科,3-5年,海帆网络有限公司,50-150人,国企,16-24K,"nlp, 机器学习, tensorflow, 深度学习, python",机器学习工程师岗位：参与数据模型设计与报表开发，支持业务决策。核心技能：nlp、机器学习、tensorflow、深度学习、python。要求具备扎实的编程基础与数据敏感度，熟悉主流工具链，有良好的团队协作与文档习惯。,2026-06-14,https://job.example.com/42_00276,16.0,24.0,20.0,"['nlp', '机器学习', 'tensorflow', '深度学习', 'python']",5
Python开发工程师,上海,大专,3-5年,锐数软件有限公司,2000人以上,外资,16-25K,"sql, flask, python, django, linux",Python开发工程师岗位：负责核心算法的调研、实现与线上效果优化。核心技能：sql、flask、python、django、linux。要求具备扎实的编程基础与数据敏感度，熟悉主流工具链，有良好的团队协作与文档习惯。,2026-08-13,https://job.example.com/42_00277,16.0,25.0,20.5,"['sql', 'flask', 'python', 'django', 'linux']",5
数据挖掘工程师,北京,硕士,5-10年,启脉数据有限公司,500-2000人,民营,2.4-3.2万/月,"sql, spark, pandas, python, 数据挖掘",数据挖掘工程师岗位：负责核心算法的调研、实现与线上效果优化。核心技能：sql、spark、pandas、python、数据挖掘。要求具备扎实的编程基础与数据敏感度，熟悉主流工具链，有良好的团队协作与文档习惯。,2026-08-28,https://job.example.com/42_00278,24.0,32.0,28.0,"['sql', 'spark', 'pandas', 'python', '数据挖掘']",5
数据分析师,北京,大专,在校/应届,智数数据有限公司,2000人以上,外资,12-20K,"numpy, 数据可视化, python, pandas, sql",数据分析师岗位：参与数据平台建设，保障数据质量与时效性。核心技能：numpy、数据可视化、python、pandas、sql。要求具备扎实的编程基础与数据敏感度，熟悉主流工具链，有良好的团队协作与文档习惯。,2026-06-24,https://job.example.com/42_00279,12.0,20.0,16.0,"['numpy', '数据可视化', 'python', 'pandas', 'sql']",5
数据产品经理,武汉,本科,1-3年,星创数据有限公司,2000人以上,国企,1.3-1.9万/月,"excel, sql, 用户研究, 需求分析, 产品设计",数据产品经理岗位：与产品和运营协作，输出数据专题分析报告。核心技能：excel、sql、用户研究、需求分析、产品设计。要求具备扎实的编程基础与数据敏感度，熟悉主流工具链，有良好的团队协作与文档习惯。,2026-08-11,https://job.example.com/42_00280,13.0,19.0,16.0,"['excel', 'sql', '用户研究', '需求分析', '产品设计']",5
BI工程师,武汉,本科,在校/应届,启帆智能有限公司,2000人以上,外资,1.0-1.7万/月,"excel, tableau, 数据可视化, sql, powerbi",BI工程师岗位：与产品和运营协作，输出数据专题分析报告。核心技能：excel、tableau、数据可视化、sql、powerbi。要求具备扎实的编程基础与数据敏感度，熟悉主流工具链，有良好的团队协作与文档习惯。,2026-08-11,https://job.example.com/42_00281,10.0,17.0,13.5,"['excel', 'tableau', '数据可视化', 'sql', 'powerbi']",5
ETL工程师,北京,硕士,经验不限,智图科技有限公司,500-2000人,外资,16-23K,"linux, etl, sql, python, spark",ETL工程师岗位：与产品和运营协作，输出数据专题分析报告。核心技能：linux、etl、sql、python、spark。要求具备扎实的编程基础与数据敏感度，熟悉主流工具链，有良好的团队协作与文档习惯。,2026-06-03,https://job.example.com/42_00282,16.0,23.0,19.5,"['linux', 'etl', 'sql', 'python', 'spark']",5
BI工程师,上海,本科,5-10年,蓝数智能有限公司,500-2000人,合资,2.1-2.8万/月,"excel, etl, tableau, powerbi, sql",BI工程师岗位：负责核心算法的调研、实现与线上效果优化。核心技能：excel、etl、tableau、powerbi、sql。要求具备扎实的编程基础与数据敏感度，熟悉主流工具链，有良好的团队协作与文档习惯。,2026-07-30,https://job.example.com/42_00283,21.0,28.0,24.5,"['excel', 'etl', 'tableau', 'powerbi', 'sql']",5
数据挖掘工程师,广州,大专,5-10年,星数数据有限公司,150-500人,外资,1.7-2.6万/月,"数据挖掘, sql, pandas, 统计学, python",数据挖掘工程师岗位：负责业务数据的采集、清洗与指标体系搭建。核心技能：数据挖掘、sql、pandas、统计学、python。要求具备扎实的编程基础与数据敏感度，熟悉主流工具链，有良好的团队协作与文档习惯。,2026-07-05,https://job.example.com/42_00284,17.0,26.0,21.5,"['数据挖掘', 'sql', 'pandas', '统计学', 'python']",5
数据产品经理,成都,大专,3-5年,星图数据有限公司,150-500人,民营,14-18K,"用户研究, 产品设计, excel, 数据可视化, sql",数据产品经理岗位：负责业务数据的采集、清洗与指标体系搭建。核心技能：用户研究、产品设计、excel、数据可视化、sql。要求具备扎实的编程基础与数据敏感度，熟悉主流工具链，有良好的团队协作与文档习惯。,2026-06-09,https://job.example.com/42_00285,14.0,18.0,16.0,"['用户研究', '产品设计', 'excel', '数据可视化', 'sql']",5
数据产品经理,北京,本科,5-10年,星途软件有限公司,150-500人,国企,20-30K·15薪,"产品设计, 用户研究, 数据可视化, excel, 需求分析",数据产品经理岗位：参与数据平台建设，保障数据质量与时效性。核心技能：产品设计、用户研究、数据可视化、excel、需求分析。要求具备扎实的编程基础与数据敏感度，熟悉主流工具链，有良好的团队协作与文档习惯。,2026-06-17,https://job.example.com/42_00286,20.0,30.0,25.0,"['产品设计', '用户研究', '数据可视化', 'excel', '需求分析']",5
数据挖掘工程师,广州,本科,经验不限,蓝创软件有限公司,50-150人,上市公司,14-23K·14薪,"统计学, 数据挖掘, spark, sql, 机器学习",数据挖掘工程师岗位：参与数据平台建设，保障数据质量与时效性。核心技能：统计学、数据挖掘、spark、sql、机器学习。要求具备扎实的编程基础与数据敏感度，熟悉主流工具链，有良好的团队协作与文档习惯。,2026-08-21,https://job.example.com/42_00287,14.0,23.0,18.5,"['统计学', '数据挖掘', 'spark', 'sql', '机器学习']",5
数据运营,杭州,本科,1-3年,启数数据有限公司,150-500人,民营,面议,"数据分析, sql, excel, python, 数据可视化",数据运营岗位：负责核心算法的调研、实现与线上效果优化。核心技能：数据分析、sql、excel、python、数据可视化。要求具备扎实的编程基础与数据敏感度，熟悉主流工具链，有良好的团队协作与文档习惯。,2026-07-15,https://job.example.com/42_00288,,,,"['数据分析', 'sql', 'excel', 'python', '数据可视化']",5
大数据开发工程师,南京,硕士,经验不限,智数智能有限公司,50-150人,民营,12-21K·14薪,"linux, flink, sql, hadoop, java",大数据开发工程师岗位：与产品和运营协作，输出数据专题分析报告。核心技能：linux、flink、sql、hadoop、java。要求具备扎实的编程基础与数据敏感度，熟悉主流工具链，有良好的团队协作与文档习惯。,2026-07-26,https://job.example.com/42_00289,12.0,21.0,16.5,"['linux', 'flink', 'sql', 'hadoop', 'java']",5
BI工程师,深圳,本科,3-5年,启图数据有限公司,2000人以上,上市公司,1.8-2.5万/月,"excel, 数据可视化, etl, sql, tableau",BI工程师岗位：负责业务数据的采集、清洗与指标体系搭建。核心技能：excel、数据可视化、etl、sql、tableau。要求具备扎实的编程基础与数据敏感度，熟悉主流工具链，有良好的团队协作与文档习惯。,2026-08-23,https://job.example.com/42_00290,18.0,25.0,21.5,"['excel', '数据可视化', 'etl', 'sql', 'tableau']",5
数据运营,杭州,硕士,在校/应届,锐合网络有限公司,2000人以上,合资,12-17K,"excel, sql, 数据分析, 用户增长, python",数据运营岗位：与产品和运营协作，输出数据专题分析报告。核心技能：excel、sql、数据分析、用户增长、python。要求具备扎实的编程基础与数据敏感度，熟悉主流工具链，有良好的团队协作与文档习惯。,2026-08-08,https://job.example.com/42_00291,12.0,17.0,14.5,"['excel', 'sql', '数据分析', '用户增长', 'python']",5
数据分析师,广州,本科,1-3年,星途软件有限公司,50-150人,外资,16-24K·13薪,"pandas, sql, numpy, python, 数据可视化",数据分析师岗位：负责业务数据的采集、清洗与指标体系搭建。核心技能：pandas、sql、numpy、python、数据可视化。要求具备扎实的编程基础与数据敏感度，熟悉主流工具链，有良好的团队协作与文档习惯。,2026-08-29,https://job.example.com/42_00292,16.0,24.0,20.0,"['pandas', 'sql', 'numpy', 'python', '数据可视化']",5
数据分析师,成都,本科,5-10年,锐合数据有限公司,50-150人,外资,1.6-2.0万/月,"统计学, sql, python, pandas, excel",数据分析师岗位：负责业务数据的采集、清洗与指标体系搭建。核心技能：统计学、sql、python、pandas、excel。要求具备扎实的编程基础与数据敏感度，熟悉主流工具链，有良好的团队协作与文档习惯。,2026-07-02,https://job.example.com/42_00293,16.0,20.0,18.0,"['统计学', 'sql', 'python', 'pandas', 'excel']",5
BI工程师,南京,本科,3-5年,海帆软件有限公司,500-2000人,外资,1.4-1.7万/月,"sql, tableau, 数据可视化, powerbi, excel",BI工程师岗位：参与数据平台建设，保障数据质量与时效性。核心技能：sql、tableau、数据可视化、powerbi、excel。要求具备扎实的编程基础与数据敏感度，熟悉主流工具链，有良好的团队协作与文档习惯。,2026-08-10,https://job.example.com/42_00294,14.0,17.0,15.5,"['sql', 'tableau', '数据可视化', 'powerbi', 'excel']",5
数据运营,上海,本科,1-3年,云帆软件有限公司,150-500人,民营,16-20K·13薪,"python, 数据可视化, sql, 用户增长, excel",数据运营岗位：参与数据模型设计与报表开发，支持业务决策。核心技能：python、数据可视化、sql、用户增长、excel。要求具备扎实的编程基础与数据敏感度，熟悉主流工具链，有良好的团队协作与文档习惯。,2026-07-02,https://job.example.com/42_00295,16.0,20.0,18.0,"['python', '数据可视化', 'sql', '用户增长', 'excel']",5
数据分析师,北京,硕士,5-10年,星帆软件有限公司,少于50人,上市公司,20-23K,"excel, numpy, 数据可视化, sql, 统计学",数据分析师岗位：负责业务数据的采集、清洗与指标体系搭建。核心技能：excel、numpy、数据可视化、sql、统计学。要求具备扎实的编程基础与数据敏感度，熟悉主流工具链，有良好的团队协作与文档习惯。,2026-08-22,https://job.example.com/42_00296,20.0,23.0,21.5,"['excel', 'numpy', '数据可视化', 'sql', '统计学']",5
数据挖掘工程师,上海,本科,1-3年,云图软件有限公司,150-500人,国企,14-24K·15薪,"机器学习, 数据挖掘, pandas, 统计学, spark",数据挖掘工程师岗位：参与数据模型设计与报表开发，支持业务决策。核心技能：机器学习、数据挖掘、pandas、统计学、spark。要求具备扎实的编程基础与数据敏感度，熟悉主流工具链，有良好的团队协作与文档习惯。,2026-07-27,https://job.example.com/42_00297,14.0,24.0,19.0,"['机器学习', '数据挖掘', 'pandas', '统计学', 'spark']",5
数据运营,杭州,硕士,3-5年,海合网络有限公司,2000人以上,上市公司,18-28K,"用户增长, sql, 数据分析, 数据可视化, python",数据运营岗位：负责核心算法的调研、实现与线上效果优化。核心技能：用户增长、sql、数据分析、数据可视化、python。要求具备扎实的编程基础与数据敏感度，熟悉主流工具链，有良好的团队协作与文档习惯。,2026-07-04,https://job.example.com/42_00298,18.0,28.0,23.0,"['用户增长', 'sql', '数据分析', '数据可视化', 'python']",5
数据运营,成都,硕士,经验不限,锐脉网络有限公司,2000人以上,国企,12-21K,"python, 数据分析, 用户增长, 数据可视化, excel",数据运营岗位：负责业务数据的采集、清洗与指标体系搭建。核心技能：python、数据分析、用户增长、数据可视化、excel。要求具备扎实的编程基础与数据敏感度，熟悉主流工具链，有良好的团队协作与文档习惯。,2026-08-07,https://job.example.com/42_00299,12.0,21.0,16.5,"['python', '数据分析', '用户增长', '数据可视化', 'excel']",5
数据产品经理,广州,硕士,1-3年,海途科技有限公司,50-150人,国企,1.6-2.0万/月,"sql, 产品设计, excel, 数据可视化, 用户研究",数据产品经理岗位：参与数据平台建设，保障数据质量与时效性。核心技能：sql、产品设计、excel、数据可视化、用户研究。要求具备扎实的编程基础与数据敏感度，熟悉主流工具链，有良好的团队协作与文档习惯。,2026-08-02,https://job.example.com/42_00300,16.0,20.0,18.0,"['sql', '产品设计', 'excel', '数据可视化', '用户研究']",5
机器学习工程师,上海,本科,3-5年,蓝帆智能有限公司,少于50人,民营,1.7-2.7万/月,"nlp, tensorflow, pytorch, 深度学习, 机器学习",机器学习工程师岗位：负责业务数据的采集、清洗与指标体系搭建。核心技能：nlp、tensorflow、pytorch、深度学习、机器学习。要求具备扎实的编程基础与数据敏感度，熟悉主流工具链，有良好的团队协作与文档习惯。,2026-06-11,https://job.example.com/42_00301,17.0,27.0,22.0,"['nlp', 'tensorflow', 'pytorch', '深度学习', '机器学习']",5
数据产品经理,北京,本科,3-5年,蓝创科技有限公司,少于50人,外资,面议,"excel, 产品设计, sql, 用户研究, 数据可视化",数据产品经理岗位：参与数据平台建设，保障数据质量与时效性。核心技能：excel、产品设计、sql、用户研究、数据可视化。要求具备扎实的编程基础与数据敏感度，熟悉主流工具链，有良好的团队协作与文档习惯。,2026-08-06,https://job.example.com/42_00302,,,,"['excel', '产品设计', 'sql', '用户研究', '数据可视化']",5
Python开发工程师,上海,大专,在校/应届,锐图数据有限公司,2000人以上,上市公司,9-17K·15薪,"flask, sql, linux, 爬虫, docker",Python开发工程师岗位：参与数据模型设计与报表开发，支持业务决策。核心技能：flask、sql、linux、爬虫、docker。要求具备扎实的编程基础与数据敏感度，熟悉主流工具链，有良好的团队协作与文档习惯。,2026-07-29,https://job.example.com/42_00303,9.0,17.0,13.0,"['flask', 'sql', 'linux', '爬虫', 'docker']",5
BI工程师,上海,本科,5-10年,锐创软件有限公司,150-500人,外资,20-28K·13薪,"tableau, etl, 数据可视化, powerbi, excel",BI工程师岗位：参与数据模型设计与报表开发，支持业务决策。核心技能：tableau、etl、数据可视化、powerbi、excel。要求具备扎实的编程基础与数据敏感度，熟悉主流工具链，有良好的团队协作与文档习惯。,2026-08-21,https://job.example.com/42_00304,20.0,28.0,24.0,"['tableau', 'etl', '数据可视化', 'powerbi', 'excel']",5
BI工程师,成都,硕士,在校/应届,启合软件有限公司,少于50人,民营,1.0-1.5万/月,"etl, excel, tableau, 数据可视化, powerbi",BI工程师岗位：负责核心算法的调研、实现与线上效果优化。核心技能：etl、excel、tableau、数据可视化、powerbi。要求具备扎实的编程基础与数据敏感度，熟悉主流工具链，有良好的团队协作与文档习惯。,2026-07-09,https://job.example.com/42_00305,10.0,15.0,12.5,"['etl', 'excel', 'tableau', '数据可视化', 'powerbi']",5
数据分析师,杭州,本科,在校/应届,锐创智能有限公司,50-150人,民营,薪资面议,"统计学, pandas, python, excel, numpy",数据分析师岗位：参与数据平台建设，保障数据质量与时效性。核心技能：统计学、pandas、python、excel、numpy。要求具备扎实的编程基础与数据敏感度，熟悉主流工具链，有良好的团队协作与文档习惯。,2026-06-20,https://job.example.com/42_00306,,,,"['统计学', 'pandas', 'python', 'excel', 'numpy']",5
数据挖掘工程师,杭州,本科,3-5年,启创数据有限公司,少于50人,外资,1.6-2.6万/月,"机器学习, spark, 数据挖掘, pandas, python",数据挖掘工程师岗位：参与数据平台建设，保障数据质量与时效性。核心技能：机器学习、spark、数据挖掘、pandas、python。要求具备扎实的编程基础与数据敏感度，熟悉主流工具链，有良好的团队协作与文档习惯。,2026-08-28,https://job.example.com/42_00307,16.0,26.0,21.0,"['机器学习', 'spark', '数据挖掘', 'pandas', 'python']",5
ETL工程师,上海,硕士,3-5年,智数网络有限公司,500-2000人,合资,1.8-2.4万/月,"hive, sql, 数据仓库, spark, linux",ETL工程师岗位：负责业务数据的采集、清洗与指标体系搭建。核心技能：hive、sql、数据仓库、spark、linux。要求具备扎实的编程基础与数据敏感度，熟悉主流工具链，有良好的团队协作与文档习惯。,2026-08-23,https://job.example.com/42_00308,18.0,24.0,21.0,"['hive', 'sql', '数据仓库', 'spark', 'linux']",5
ETL工程师,北京,大专,5-10年,蓝创智能有限公司,50-150人,外资,18-23K,"linux, spark, sql, hive, python",ETL工程师岗位：负责业务数据的采集、清洗与指标体系搭建。核心技能：linux、spark、sql、hive、python。要求具备扎实的编程基础与数据敏感度，熟悉主流工具链，有良好的团队协作与文档习惯。,2026-08-26,https://job.example.com/42_00309,18.0,23.0,20.5,"['linux', 'spark', 'sql', 'hive', 'python']",5
BI工程师,南京,不限,3-5年,智合数据有限公司,50-150人,外资,面议,"etl, excel, sql, 数据可视化, tableau",BI工程师岗位：负责核心算法的调研、实现与线上效果优化。核心技能：etl、excel、sql、数据可视化、tableau。要求具备扎实的编程基础与数据敏感度，熟悉主流工具链，有良好的团队协作与文档习惯。,2026-08-10,https://job.example.com/42_00310,,,,"['etl', 'excel', 'sql', '数据可视化', 'tableau']",5
BI工程师,杭州,本科,1-3年,星合软件有限公司,2000人以上,国企,14-20K,"etl, 数据可视化, tableau, sql, excel",BI工程师岗位：参与数据平台建设，保障数据质量与时效性。核心技能：etl、数据可视化、tableau、sql、excel。要求具备扎实的编程基础与数据敏感度，熟悉主流工具链，有良好的团队协作与文档习惯。,2026-07-05,https://job.example.com/42_00311,14.0,20.0,17.0,"['etl', '数据可视化', 'tableau', 'sql', 'excel']",5
BI工程师,成都,大专,3-5年,星数网络有限公司,2000人以上,民营,1.2-2.0万/月,"sql, excel, 数据可视化, tableau, powerbi",BI工程师岗位：负责核心算法的调研、实现与线上效果优化。核心技能：sql、excel、数据可视化、tableau、powerbi。要求具备扎实的编程基础与数据敏感度，熟悉主流工具链，有良好的团队协作与文档习惯。,2026-08-18,https://job.example.com/42_00312,12.0,20.0,16.0,"['sql', 'excel', '数据可视化', 'tableau', 'powerbi']",5
数据产品经理,广州,硕士,经验不限,海途数据有限公司,2000人以上,国企,1.5-1.8万/月,"需求分析, excel, sql, 数据可视化, 产品设计",数据产品经理岗位：负责业务数据的采集、清洗与指标体系搭建。核心技能：需求分析、excel、sql、数据可视化、产品设计。要求具备扎实的编程基础与数据敏感度，熟悉主流工具链，有良好的团队协作与文档习惯。,2026-07-14,https://job.example.com/42_00313,15.0,18.0,16.5,"['需求分析', 'excel', 'sql', '数据可视化', '产品设计']",5
Python开发工程师,杭州,硕士,1-3年,锐脉网络有限公司,2000人以上,合资,16-19K·13薪,"python, docker, linux, flask, 爬虫",Python开发工程师岗位：参与数据平台建设，保障数据质量与时效性。核心技能：python、docker、linux、flask、爬虫。要求具备扎实的编程基础与数据敏感度，熟悉主流工具链，有良好的团队协作与文档习惯。,2026-08-14,https://job.example.com/42_00314,16.0,19.0,17.5,"['python', 'docker', 'linux', 'flask', '爬虫']",5
数据运营,北京,本科,在校/应届,启图科技有限公司,少于50人,合资,1.4-1.8万/月,"excel, 数据可视化, sql, 数据分析, 用户增长",数据运营岗位：负责业务数据的采集、清洗与指标体系搭建。核心技能：excel、数据可视化、sql、数据分析、用户增长。要求具备扎实的编程基础与数据敏感度，熟悉主流工具链，有良好的团队协作与文档习惯。,2026-06-03,https://job.example.com/42_00315,14.0,18.0,16.0,"['excel', '数据可视化', 'sql', '数据分析', '用户增长']",5
大数据开发工程师,武汉,本科,1-3年,锐途数据有限公司,50-150人,上市公司,1.1-1.4万/月,"hive, linux, java, hadoop, spark",大数据开发工程师岗位：参与数据平台建设，保障数据质量与时效性。核心技能：hive、linux、java、hadoop、spark。要求具备扎实的编程基础与数据敏感度，熟悉主流工具链，有良好的团队协作与文档习惯。,2026-07-02,https://job.example.com/42_00316,11.0,14.0,12.5,"['hive', 'linux', 'java', 'hadoop', 'spark']",5
数据运营,杭州,本科,1-3年,海数数据有限公司,2000人以上,外资,1.6-2.5万/月,"用户增长, sql, excel, 数据分析, 数据可视化",数据运营岗位：负责核心算法的调研、实现与线上效果优化。核心技能：用户增长、sql、excel、数据分析、数据可视化。要求具备扎实的编程基础与数据敏感度，熟悉主流工具链，有良好的团队协作与文档习惯。,2026-06-04,https://job.example.com/42_00317,16.0,25.0,20.5,"['用户增长', 'sql', 'excel', '数据分析', '数据可视化']",5
数据运营,杭州,本科,在校/应届,海创数据有限公司,500-2000人,国企,14-21K·14薪,"数据可视化, 用户增长, sql, excel, 数据分析",数据运营岗位：参与数据平台建设，保障数据质量与时效性。核心技能：数据可视化、用户增长、sql、excel、数据分析。要求具备扎实的编程基础与数据敏感度，熟悉主流工具链，有良好的团队协作与文档习惯。,2026-07-13,https://job.example.com/42_00318,14.0,21.0,17.5,"['数据可视化', '用户增长', 'sql', 'excel', '数据分析']",5
数据产品经理,广州,本科,3-5年,星合数据有限公司,2000人以上,国企,15-20K,"需求分析, 用户研究, excel, 数据可视化, 产品设计",数据产品经理岗位：参与数据平台建设，保障数据质量与时效性。核心技能：需求分析、用户研究、excel、数据可视化、产品设计。要求具备扎实的编程基础与数据敏感度，熟悉主流工具链，有良好的团队协作与文档习惯。,2026-06-19,https://job.example.com/42_00319,15.0,20.0,17.5,"['需求分析', '用户研究', 'excel', '数据可视化', '产品设计']",5
