title,city,education,experience,company,company_size,company_type,salary_text,skills,description,publish_date,link
Python开发工程师,北京,大专,1-3年,云创软件有限公司,少于50人,民营,面议,"linux, 爬虫, django, python, docker",Python开发工程师岗位：参与数据平台建设，保障数据质量与时效性。核心技能：linux、爬虫、django、python、docker。要求具备扎实的编程基础与数据敏感度，熟悉主流工具链，有良好的团队协作与文档习惯。,2026-08-04,https://job.example.com/42_00000
ETL工程师,北京,硕士,在校/应届,锐数科技有限公司,50-150人,合资,14-20K·16薪,"linux, python, 数据仓库, spark, sql",ETL工程师岗位：与产品和运营协作，输出数据专题分析报告。核心技能：linux、python、数据仓库、spark、sql。要求具备扎实的编程基础与数据敏感度，熟悉主流工具链，有良好的团队协作与文档习惯。,2026-07-14,https://job.example.com/42_00001
Python开发工程师,上海,硕士,经验不限,锐途软件有限公司,少于50人,上市公司,16-22K·15薪,"docker, 爬虫, flask, django, python",Python开发工程师岗位：与产品和运营协作，输出数据专题分析报告。核心技能：docker、爬虫、flask、django、python。要求具备扎实的编程基础与数据敏感度，熟悉主流工具链，有良好的团队协作与文档习惯。,2026-06-09,https://job.example.com/42_00002
数据分析师,深圳,学历不限,1-3年,海脉网络有限公司,50-150人,外资,14-18K·14薪,"python, sql, 统计学, numpy, excel",数据分析师岗位：与产品和运营协作，输出数据专题分析报告。核心技能：python、sql、统计学、numpy、excel。要求具备扎实的编程基础与数据敏感度，熟悉主流工具链，有良好的团队协作与文档习惯。,2026-08-21,https://job.example.com/42_00003
数据挖掘工程师,深圳,本科,1-3年,智脉科技有限公司,50-150人,民营,1.7-2.4万/月,"sql, 数据挖掘, pandas, 机器学习, 统计学",数据挖掘工程师岗位：负责核心算法的调研、实现与线上效果优化。核心技能：sql、数据挖掘、pandas、机器学习、统计学。要求具备扎实的编程基础与数据敏感度，熟悉主流工具链，有良好的团队协作与文档习惯。,2026-06-09,https://job.example.com/42_00004
机器学习工程师,成都,本科,3-5年,星图智能有限公司,2000人以上,外资,1.6-2.5万/月,"tensorflow, nlp, pytorch, python, 机器学习",机器学习工程师岗位：参与数据模型设计与报表开发，支持业务决策。核心技能：tensorflow、nlp、pytorch、python、机器学习。要求具备扎实的编程基础与数据敏感度，熟悉主流工具链，有良好的团队协作与文档习惯。,2026-07-17,https://job.example.com/42_00005
机器学习工程师,广州,硕士,1-3年,锐途软件有限公司,500-2000人,上市公司,1.7-2.0万/月,"python, nlp, pytorch, tensorflow, 深度学习",机器学习工程师岗位：与产品和运营协作，输出数据专题分析报告。核心技能：python、nlp、pytorch、tensorflow、深度学习。要求具备扎实的编程基础与数据敏感度，熟悉主流工具链，有良好的团队协作与文档习惯。,2026-08-27,https://job.example.com/42_00006
Python开发工程师,杭州,学历不限,3-5年,云图网络有限公司,2000人以上,国企,14-21K·16薪,"docker, python, 爬虫, sql, django",Python开发工程师岗位：与产品和运营协作，输出数据专题分析报告。核心技能：docker、python、爬虫、sql、django。要求具备扎实的编程基础与数据敏感度，熟悉主流工具链，有良好的团队协作与文档习惯。,2026-08-21,https://job.example.com/42_00007
数据运营,深圳,本科,1-3年,云途网络有限公司,150-500人,国企,面议,"sql, 数据分析, excel, 数据可视化, python",数据运营岗位：与产品和运营协作，输出数据专题分析报告。核心技能：sql、数据分析、excel、数据可视化、python。要求具备扎实的编程基础与数据敏感度，熟悉主流工具链，有良好的团队协作与文档习惯。,2026-06-11,https://job.example.com/42_00008
数据产品经理,上海,学历不限,3-5年,锐脉智能有限公司,500-2000人,国企,1.5-2.2万/月,"需求分析, excel, 产品设计, sql, 数据可视化",数据产品经理岗位：负责核心算法的调研、实现与线上效果优化。核心技能：需求分析、excel、产品设计、sql、数据可视化。要求具备扎实的编程基础与数据敏感度，熟悉主流工具链，有良好的团队协作与文档习惯。,2026-07-22,https://job.example.com/42_00009
算法工程师,南京,硕士,1-3年,锐创数据有限公司,2000人以上,国企,面议,"python, 算法, nlp, 数据结构, 推荐系统",算法工程师岗位：负责业务数据的采集、清洗与指标体系搭建。核心技能：python、算法、nlp、数据结构、推荐系统。要求具备扎实的编程基础与数据敏感度，熟悉主流工具链，有良好的团队协作与文档习惯。,2026-06-30,https://job.example.com/42_00010
Python开发工程师,北京,学历不限,1-3年,星创数据有限公司,2000人以上,上市公司,16-25K,"python, flask, linux, docker, sql",Python开发工程师岗位：与产品和运营协作，输出数据专题分析报告。核心技能：python、flask、linux、docker、sql。要求具备扎实的编程基础与数据敏感度，熟悉主流工具链，有良好的团队协作与文档习惯。,2026-06-13,https://job.example.com/42_00011
Python开发工程师,武汉,本科,1-3年,海数科技有限公司,50-150人,国企,14-19K·13薪,"sql, 爬虫, python, flask, django",Python开发工程师岗位：与产品和运营协作，输出数据专题分析报告。核心技能：sql、爬虫、python、flask、django。要求具备扎实的编程基础与数据敏感度，熟悉主流工具链，有良好的团队协作与文档习惯。,2026-06-24,https://job.example.com/42_00012
大数据开发工程师,南京,本科,5-10年,智途科技有限公司,50-150人,国企,18-24K·16薪,"java, flink, hive, sql, linux",大数据开发工程师岗位：参与数据平台建设，保障数据质量与时效性。核心技能：java、flink、hive、sql、linux。要求具备扎实的编程基础与数据敏感度，熟悉主流工具链，有良好的团队协作与文档习惯。,2026-07-22,https://job.example.com/42_00013
数据分析师,广州,硕士,经验不限,海图软件有限公司,50-150人,国企,13-16K·15薪,"numpy, pandas, 统计学, excel, sql",数据分析师岗位：参与数据平台建设，保障数据质量与时效性。核心技能：numpy、pandas、统计学、excel、sql。要求具备扎实的编程基础与数据敏感度，熟悉主流工具链，有良好的团队协作与文档习惯。,2026-07-11,https://job.example.com/42_00014
数据分析师,北京,硕士,1-3年,智帆科技有限公司,2000人以上,民营,1.8-2.7万/月,"数据可视化, 统计学, sql, python, pandas",数据分析师岗位：负责业务数据的采集、清洗与指标体系搭建。核心技能：数据可视化、统计学、sql、python、pandas。要求具备扎实的编程基础与数据敏感度，熟悉主流工具链，有良好的团队协作与文档习惯。,2026-06-16,https://job.example.com/42_00015
ETL工程师,深圳,硕士,3-5年,锐创网络有限公司,150-500人,国企,2.0-2.6万/月,"sql, 数据仓库, python, spark, hive",ETL工程师岗位：参与数据平台建设，保障数据质量与时效性。核心技能：sql、数据仓库、python、spark、hive。要求具备扎实的编程基础与数据敏感度，熟悉主流工具链，有良好的团队协作与文档习惯。,2026-07-04,https://job.example.com/42_00016
BI工程师,广州,大专,3-5年,锐创科技有限公司,少于50人,上市公司,15-20K,"powerbi, 数据可视化, excel, sql, etl",BI工程师岗位：与产品和运营协作，输出数据专题分析报告。核心技能：powerbi、数据可视化、excel、sql、etl。要求具备扎实的编程基础与数据敏感度，熟悉主流工具链，有良好的团队协作与文档习惯。,2026-06-09,https://job.example.com/42_00017
机器学习工程师,成都,本科,在校/应届,蓝图科技有限公司,50-150人,外资,面议,"tensorflow, pytorch, 深度学习, nlp, python",机器学习工程师岗位：参与数据平台建设，保障数据质量与时效性。核心技能：tensorflow、pytorch、深度学习、nlp、python。要求具备扎实的编程基础与数据敏感度，熟悉主流工具链，有良好的团队协作与文档习惯。,2026-08-10,https://job.example.com/42_00018
数据挖掘工程师,杭州,本科,3-5年,锐合网络有限公司,少于50人,民营,18-21K,"机器学习, 统计学, 数据挖掘, spark, pandas",数据挖掘工程师岗位：负责核心算法的调研、实现与线上效果优化。核心技能：机器学习、统计学、数据挖掘、spark、pandas。要求具备扎实的编程基础与数据敏感度，熟悉主流工具链，有良好的团队协作与文档习惯。,2026-07-13,https://job.example.com/42_00019
数据挖掘工程师,杭州,本科,3-5年,海帆智能有限公司,少于50人,外资,16-25K,"sql, pandas, spark, python, 统计学",数据挖掘工程师岗位：负责业务数据的采集、清洗与指标体系搭建。核心技能：sql、pandas、spark、python、统计学。要求具备扎实的编程基础与数据敏感度，熟悉主流工具链，有良好的团队协作与文档习惯。,2026-06-06,https://job.example.com/42_00020
大数据开发工程师,成都,学历不限,5-10年,蓝脉智能有限公司,500-2000人,上市公司,1.4-1.9万/月,"java, hadoop, spark, hive, linux",大数据开发工程师岗位：负责业务数据的采集、清洗与指标体系搭建。核心技能：java、hadoop、spark、hive、linux。要求具备扎实的编程基础与数据敏感度，熟悉主流工具链，有良好的团队协作与文档习惯。,2026-06-23,https://job.example.com/42_00021
BI工程师,北京,本科,3-5年,启脉科技有限公司,500-2000人,国企,20-28K,"powerbi, 数据可视化, tableau, etl, sql",BI工程师岗位：负责业务数据的采集、清洗与指标体系搭建。核心技能：powerbi、数据可视化、tableau、etl、sql。要求具备扎实的编程基础与数据敏感度，熟悉主流工具链，有良好的团队协作与文档习惯。,2026-06-30,https://job.example.com/42_00022
机器学习工程师,北京,大专,在校/应届,海创软件有限公司,2000人以上,外资,1.0-1.7万/月,"tensorflow, 深度学习, pytorch, python, 机器学习",机器学习工程师岗位：负责核心算法的调研、实现与线上效果优化。核心技能：tensorflow、深度学习、pytorch、python、机器学习。要求具备扎实的编程基础与数据敏感度，熟悉主流工具链，有良好的团队协作与文档习惯。,2026-06-23,https://job.example.com/42_00023
ETL工程师,杭州,本科,经验不限,锐途软件有限公司,2000人以上,国企,14-17K·14薪,"数据仓库, spark, hive, python, etl",ETL工程师岗位：参与数据平台建设，保障数据质量与时效性。核心技能：数据仓库、spark、hive、python、etl。要求具备扎实的编程基础与数据敏感度，熟悉主流工具链，有良好的团队协作与文档习惯。,2026-08-08,https://job.example.com/42_00024
机器学习工程师,成都,硕士,经验不限,锐数软件有限公司,150-500人,合资,1.2-1.8万/月,"nlp, 深度学习, pytorch, tensorflow, python",机器学习工程师岗位：负责核心算法的调研、实现与线上效果优化。核心技能：nlp、深度学习、pytorch、tensorflow、python。要求具备扎实的编程基础与数据敏感度，熟悉主流工具链，有良好的团队协作与文档习惯。,2026-07-24,https://job.example.com/42_00025
BI工程师,广州,硕士,3-5年,启脉智能有限公司,2000人以上,外资,20-26K·14薪,"powerbi, 数据可视化, sql, tableau, excel",BI工程师岗位：参与数据模型设计与报表开发，支持业务决策。核心技能：powerbi、数据可视化、sql、tableau、excel。要求具备扎实的编程基础与数据敏感度，熟悉主流工具链，有良好的团队协作与文档习惯。,2026-07-31,https://job.example.com/42_00026
数据挖掘工程师,上海,本科,3-5年,海数数据有限公司,50-150人,国企,面议,"统计学, spark, pandas, 数据挖掘, python",数据挖掘工程师岗位：参与数据模型设计与报表开发，支持业务决策。核心技能：统计学、spark、pandas、数据挖掘、python。要求具备扎实的编程基础与数据敏感度，熟悉主流工具链，有良好的团队协作与文档习惯。,2026-07-31,https://job.example.com/42_00027
ETL工程师,上海,硕士,1-3年,星帆科技有限公司,少于50人,合资,19-22K·14薪,"linux, 数据仓库, etl, spark, python",ETL工程师岗位：与产品和运营协作，输出数据专题分析报告。核心技能：linux、数据仓库、etl、spark、python。要求具备扎实的编程基础与数据敏感度，熟悉主流工具链，有良好的团队协作与文档习惯。,2026-07-02,https://job.example.com/42_00028
Python开发工程师,南京,本科,5-10年,智图智能有限公司,500-2000人,上市公司,16-26K·13薪,"sql, django, flask, docker, linux",Python开发工程师岗位：参与数据平台建设，保障数据质量与时效性。核心技能：sql、django、flask、docker、linux。要求具备扎实的编程基础与数据敏感度，熟悉主流工具链，有良好的团队协作与文档习惯。,2026-07-04,https://job.example.com/42_00029
机器学习工程师,杭州,学历不限,5-10年,海数数据有限公司,150-500人,外资,16-21K,"pytorch, tensorflow, 机器学习, nlp, 深度学习",机器学习工程师岗位：负责业务数据的采集、清洗与指标体系搭建。核心技能：pytorch、tensorflow、机器学习、nlp、深度学习。要求具备扎实的编程基础与数据敏感度，熟悉主流工具链，有良好的团队协作与文档习惯。,2026-06-30,https://job.example.com/42_00030
BI工程师,广州,大专,在校/应届,云帆软件有限公司,500-2000人,上市公司,0.8-1.7万/月,"sql, 数据可视化, etl, tableau, powerbi",BI工程师岗位：与产品和运营协作，输出数据专题分析报告。核心技能：sql、数据可视化、etl、tableau、powerbi。要求具备扎实的编程基础与数据敏感度，熟悉主流工具链，有良好的团队协作与文档习惯。,2026-08-01,https://job.example.com/42_00031
数据分析师,成都,本科,5-10年,蓝合软件有限公司,少于50人,合资,18-23K·16薪,"numpy, 统计学, 数据可视化, sql, excel",数据分析师岗位：参与数据模型设计与报表开发，支持业务决策。核心技能：numpy、统计学、数据可视化、sql、excel。要求具备扎实的编程基础与数据敏感度，熟悉主流工具链，有良好的团队协作与文档习惯。,2026-07-30,https://job.example.com/42_00032
数据挖掘工程师,北京,硕士,3-5年,星脉软件有限公司,50-150人,民营,20-26K·13薪,"pandas, 统计学, python, spark, 数据挖掘",数据挖掘工程师岗位：与产品和运营协作，输出数据专题分析报告。核心技能：pandas、统计学、python、spark、数据挖掘。要求具备扎实的编程基础与数据敏感度，熟悉主流工具链，有良好的团队协作与文档习惯。,2026-07-12,https://job.example.com/42_00033
算法工程师,武汉,本科,5-10年,海创科技有限公司,150-500人,国企,1.5-1.8万/月,"数据结构, 深度学习, 机器学习, python, 算法",算法工程师岗位：负责业务数据的采集、清洗与指标体系搭建。核心技能：数据结构、深度学习、机器学习、python、算法。要求具备扎实的编程基础与数据敏感度，熟悉主流工具链，有良好的团队协作与文档习惯。,2026-07-02,https://job.example.com/42_00034
机器学习工程师,北京,硕士,在校/应届,星合网络有限公司,150-500人,国企,14-19K,"机器学习, nlp, tensorflow, 深度学习, python",机器学习工程师岗位：参与数据平台建设，保障数据质量与时效性。核心技能：机器学习、nlp、tensorflow、深度学习、python。要求具备扎实的编程基础与数据敏感度，熟悉主流工具链，有良好的团队协作与文档习惯。,2026-06-14,https://job.example.com/42_00035
ETL工程师,北京,本科,3-5年,海脉数据有限公司,少于50人,外资,1.6-1.9万/月,"linux, spark, python, etl, sql",ETL工程师岗位：参与数据平台建设，保障数据质量与时效性。核心技能：linux、spark、python、etl、sql。要求具备扎实的编程基础与数据敏感度，熟悉主流工具链，有良好的团队协作与文档习惯。,2026-07-15,https://job.example.com/42_00036
数据运营,武汉,大专,1-3年,云合网络有限公司,500-2000人,国企,11-21K·13薪,"excel, 数据分析, 数据可视化, python, sql",数据运营岗位：与产品和运营协作，输出数据专题分析报告。核心技能：excel、数据分析、数据可视化、python、sql。要求具备扎实的编程基础与数据敏感度，熟悉主流工具链，有良好的团队协作与文档习惯。,2026-07-26,https://job.example.com/42_00037
ETL工程师,杭州,本科,5-10年,锐创软件有限公司,150-500人,民营,20-25K·13薪,"etl, sql, hive, spark, linux",ETL工程师岗位：与产品和运营协作，输出数据专题分析报告。核心技能：etl、sql、hive、spark、linux。要求具备扎实的编程基础与数据敏感度，熟悉主流工具链，有良好的团队协作与文档习惯。,2026-06-28,https://job.example.com/42_00038
算法工程师,杭州,本科,1-3年,云帆软件有限公司,500-2000人,上市公司,1.6-2.6万/月,"推荐系统, nlp, 机器学习, python, 数据结构",算法工程师岗位：参与数据模型设计与报表开发，支持业务决策。核心技能：推荐系统、nlp、机器学习、python、数据结构。要求具备扎实的编程基础与数据敏感度，熟悉主流工具链，有良好的团队协作与文档习惯。,2026-07-28,https://job.example.com/42_00039
数据分析师,上海,本科,在校/应届,蓝合智能有限公司,2000人以上,外资,13-21K·15薪,"numpy, excel, sql, pandas, 统计学",数据分析师岗位：参与数据平台建设，保障数据质量与时效性。核心技能：numpy、excel、sql、pandas、统计学。要求具备扎实的编程基础与数据敏感度，熟悉主流工具链，有良好的团队协作与文档习惯。,2026-07-29,https://job.example.com/42_00040
大数据开发工程师,杭州,本科,在校/应届,智图数据有限公司,50-150人,国企,1.2-1.9万/月,"java, linux, spark, hadoop, sql",大数据开发工程师岗位：参与数据平台建设，保障数据质量与时效性。核心技能：java、linux、spark、hadoop、sql。要求具备扎实的编程基础与数据敏感度，熟悉主流工具链，有良好的团队协作与文档习惯。,2026-06-13,https://job.example.com/42_00041
机器学习工程师,杭州,本科,1-3年,云途智能有限公司,150-500人,国企,16-20K·16薪,"机器学习, 深度学习, python, pytorch, tensorflow",机器学习工程师岗位：负责核心算法的调研、实现与线上效果优化。核心技能：机器学习、深度学习、python、pytorch、tensorflow。要求具备扎实的编程基础与数据敏感度，熟悉主流工具链，有良好的团队协作与文档习惯。,2026-06-02,https://job.example.com/42_00042
ETL工程师,杭州,硕士,1-3年,云脉科技有限公司,500-2000人,合资,面议,"spark, hive, etl, sql, 数据仓库",ETL工程师岗位：与产品和运营协作，输出数据专题分析报告。核心技能：spark、hive、etl、sql、数据仓库。要求具备扎实的编程基础与数据敏感度，熟悉主流工具链，有良好的团队协作与文档习惯。,2026-06-20,https://job.example.com/42_00043
数据挖掘工程师,杭州,本科,在校/应届,启合网络有限公司,2000人以上,合资,10-14K·16薪,"python, pandas, sql, 机器学习, 数据挖掘",数据挖掘工程师岗位：与产品和运营协作，输出数据专题分析报告。核心技能：python、pandas、sql、机器学习、数据挖掘。要求具备扎实的编程基础与数据敏感度，熟悉主流工具链，有良好的团队协作与文档习惯。,2026-06-27,https://job.example.com/42_00044
机器学习工程师,杭州,大专,经验不限,云合软件有限公司,2000人以上,合资,10-17K·15薪,"机器学习, nlp, pytorch, 深度学习, python",机器学习工程师岗位：参与数据模型设计与报表开发，支持业务决策。核心技能：机器学习、nlp、pytorch、深度学习、python。要求具备扎实的编程基础与数据敏感度，熟悉主流工具链，有良好的团队协作与文档习惯。,2026-07-07,https://job.example.com/42_00045
数据产品经理,上海,大专,在校/应届,星图数据有限公司,150-500人,国企,面议,"sql, 用户研究, 需求分析, 产品设计, 数据可视化",数据产品经理岗位：参与数据平台建设，保障数据质量与时效性。核心技能：sql、用户研究、需求分析、产品设计、数据可视化。要求具备扎实的编程基础与数据敏感度，熟悉主流工具链，有良好的团队协作与文档习惯。,2026-07-10,https://job.example.com/42_00046
ETL工程师,杭州,硕士,经验不限,锐合软件有限公司,少于50人,上市公司,薪资面议,"spark, linux, hive, python, etl",ETL工程师岗位：参与数据平台建设，保障数据质量与时效性。核心技能：spark、linux、hive、python、etl。要求具备扎实的编程基础与数据敏感度，熟悉主流工具链，有良好的团队协作与文档习惯。,2026-07-12,https://job.example.com/42_00047
ETL工程师,杭州,本科,经验不限,锐途数据有限公司,500-2000人,上市公司,1.4-1.9万/月,"etl, linux, 数据仓库, sql, hive",ETL工程师岗位：负责核心算法的调研、实现与线上效果优化。核心技能：etl、linux、数据仓库、sql、hive。要求具备扎实的编程基础与数据敏感度，熟悉主流工具链，有良好的团队协作与文档习惯。,2026-08-14,https://job.example.com/42_00048
BI工程师,南京,本科,1-3年,蓝合软件有限公司,150-500人,合资,1.1-2.1万/月,"powerbi, 数据可视化, excel, tableau, sql",BI工程师岗位：参与数据模型设计与报表开发，支持业务决策。核心技能：powerbi、数据可视化、excel、tableau、sql。要求具备扎实的编程基础与数据敏感度，熟悉主流工具链，有良好的团队协作与文档习惯。,2026-06-12,https://job.example.com/42_00049
算法工程师,杭州,本科,经验不限,启合科技有限公司,50-150人,上市公司,14-24K·16薪,"数据结构, 深度学习, 推荐系统, python, 机器学习",算法工程师岗位：参与数据平台建设，保障数据质量与时效性。核心技能：数据结构、深度学习、推荐系统、python、机器学习。要求具备扎实的编程基础与数据敏感度，熟悉主流工具链，有良好的团队协作与文档习惯。,2026-06-07,https://job.example.com/42_00050
机器学习工程师,杭州,硕士,在校/应届,智帆数据有限公司,150-500人,上市公司,薪资面议,"深度学习, tensorflow, pytorch, python, nlp",机器学习工程师岗位：参与数据平台建设，保障数据质量与时效性。核心技能：深度学习、tensorflow、pytorch、python、nlp。要求具备扎实的编程基础与数据敏感度，熟悉主流工具链，有良好的团队协作与文档习惯。,2026-06-12,https://job.example.com/42_00051
机器学习工程师,上海,硕士,经验不限,海数软件有限公司,500-2000人,合资,15-24K,"nlp, 机器学习, tensorflow, 深度学习, pytorch",机器学习工程师岗位：参与数据平台建设，保障数据质量与时效性。核心技能：nlp、机器学习、tensorflow、深度学习、pytorch。要求具备扎实的编程基础与数据敏感度，熟悉主流工具链，有良好的团队协作与文档习惯。,2026-08-16,https://job.example.com/42_00052
数据运营,广州,学历不限,经验不限,蓝图网络有限公司,2000人以上,上市公司,1.2-1.7万/月,"数据可视化, 用户增长, python, 数据分析, sql",数据运营岗位：负责业务数据的采集、清洗与指标体系搭建。核心技能：数据可视化、用户增长、python、数据分析、sql。要求具备扎实的编程基础与数据敏感度，熟悉主流工具链，有良好的团队协作与文档习惯。,2026-07-28,https://job.example.com/42_00053
数据运营,南京,本科,1-3年,海帆智能有限公司,500-2000人,国企,1.4-1.7万/月,"数据分析, python, 用户增长, sql, 数据可视化",数据运营岗位：参与数据模型设计与报表开发，支持业务决策。核心技能：数据分析、python、用户增长、sql、数据可视化。要求具备扎实的编程基础与数据敏感度，熟悉主流工具链，有良好的团队协作与文档习惯。,2026-07-11,https://job.example.com/42_00054
数据产品经理,武汉,硕士,3-5年,锐数科技有限公司,500-2000人,民营,18-21K·15薪,"excel, 需求分析, 产品设计, 数据可视化, sql",数据产品经理岗位：参与数据平台建设，保障数据质量与时效性。核心技能：excel、需求分析、产品设计、数据可视化、sql。要求具备扎实的编程基础与数据敏感度，熟悉主流工具链，有良好的团队协作与文档习惯。,2026-06-19,https://job.example.com/42_00055
BI工程师,广州,本科,1-3年,智图智能有限公司,500-2000人,外资,16-19K·14薪,"powerbi, excel, 数据可视化, etl, sql",BI工程师岗位：负责核心算法的调研、实现与线上效果优化。核心技能：powerbi、excel、数据可视化、etl、sql。要求具备扎实的编程基础与数据敏感度，熟悉主流工具链，有良好的团队协作与文档习惯。,2026-06-09,https://job.example.com/42_00056
机器学习工程师,杭州,本科,3-5年,星图网络有限公司,少于50人,民营,16-23K,"python, tensorflow, nlp, 深度学习, pytorch",机器学习工程师岗位：与产品和运营协作，输出数据专题分析报告。核心技能：python、tensorflow、nlp、深度学习、pytorch。要求具备扎实的编程基础与数据敏感度，熟悉主流工具链，有良好的团队协作与文档习惯。,2026-07-18,https://job.example.com/42_00057
BI工程师,广州,本科,3-5年,锐脉软件有限公司,2000人以上,国企,16-22K·13薪,"数据可视化, etl, tableau, sql, powerbi",BI工程师岗位：负责业务数据的采集、清洗与指标体系搭建。核心技能：数据可视化、etl、tableau、sql、powerbi。要求具备扎实的编程基础与数据敏感度，熟悉主流工具链，有良好的团队协作与文档习惯。,2026-08-21,https://job.example.com/42_00058
大数据开发工程师,南京,本科,3-5年,蓝创网络有限公司,500-2000人,外资,15-21K·13薪,"java, flink, hadoop, spark, sql",大数据开发工程师岗位：与产品和运营协作，输出数据专题分析报告。核心技能：java、flink、hadoop、spark、sql。要求具备扎实的编程基础与数据敏感度，熟悉主流工具链，有良好的团队协作与文档习惯。,2026-08-01,https://job.example.com/42_00059
Python开发工程师,深圳,硕士,3-5年,蓝途智能有限公司,少于50人,上市公司,2.0-2.6万/月,"docker, flask, 爬虫, django, python",Python开发工程师岗位：与产品和运营协作，输出数据专题分析报告。核心技能：docker、flask、爬虫、django、python。要求具备扎实的编程基础与数据敏感度，熟悉主流工具链，有良好的团队协作与文档习惯。,2026-08-17,https://job.example.com/42_00060
算法工程师,深圳,大专,在校/应届,蓝脉软件有限公司,少于50人,上市公司,10-14K,"推荐系统, 机器学习, 算法, python, nlp",算法工程师岗位：负责业务数据的采集、清洗与指标体系搭建。核心技能：推荐系统、机器学习、算法、python、nlp。要求具备扎实的编程基础与数据敏感度，熟悉主流工具链，有良好的团队协作与文档习惯。,2026-07-12,https://job.example.com/42_00061
BI工程师,广州,本科,在校/应届,智数网络有限公司,少于50人,合资,1.1-1.7万/月,"etl, powerbi, excel, sql, tableau",BI工程师岗位：与产品和运营协作，输出数据专题分析报告。核心技能：etl、powerbi、excel、sql、tableau。要求具备扎实的编程基础与数据敏感度，熟悉主流工具链，有良好的团队协作与文档习惯。,2026-08-26,https://job.example.com/42_00062
BI工程师,成都,本科,5-10年,蓝图网络有限公司,2000人以上,合资,1.8-2.2万/月,"数据可视化, sql, powerbi, excel, etl",BI工程师岗位：与产品和运营协作，输出数据专题分析报告。核心技能：数据可视化、sql、powerbi、excel、etl。要求具备扎实的编程基础与数据敏感度，熟悉主流工具链，有良好的团队协作与文档习惯。,2026-08-26,https://job.example.com/42_00063
机器学习工程师,南京,本科,3-5年,海数软件有限公司,少于50人,国企,面议,"pytorch, 深度学习, 机器学习, nlp, python",机器学习工程师岗位：与产品和运营协作，输出数据专题分析报告。核心技能：pytorch、深度学习、机器学习、nlp、python。要求具备扎实的编程基础与数据敏感度，熟悉主流工具链，有良好的团队协作与文档习惯。,2026-07-09,https://job.example.com/42_00064
数据产品经理,上海,本科,在校/应届,启创数据有限公司,500-2000人,民营,1.4-2.1万/月,"用户研究, 需求分析, 产品设计, excel, sql",数据产品经理岗位：参与数据平台建设，保障数据质量与时效性。核心技能：用户研究、需求分析、产品设计、excel、sql。要求具备扎实的编程基础与数据敏感度，熟悉主流工具链，有良好的团队协作与文档习惯。,2026-06-05,https://job.example.com/42_00065
算法工程师,深圳,硕士,1-3年,云合网络有限公司,50-150人,民营,1.9-2.3万/月,"算法, 机器学习, python, nlp, 深度学习",算法工程师岗位：负责核心算法的调研、实现与线上效果优化。核心技能：算法、机器学习、python、nlp、深度学习。要求具备扎实的编程基础与数据敏感度，熟悉主流工具链，有良好的团队协作与文档习惯。,2026-08-24,https://job.example.com/42_00066
机器学习工程师,北京,本科,5-10年,智脉智能有限公司,50-150人,上市公司,20-28K·16薪,"深度学习, 机器学习, pytorch, nlp, python",机器学习工程师岗位：负责业务数据的采集、清洗与指标体系搭建。核心技能：深度学习、机器学习、pytorch、nlp、python。要求具备扎实的编程基础与数据敏感度，熟悉主流工具链，有良好的团队协作与文档习惯。,2026-06-19,https://job.example.com/42_00067
ETL工程师,北京,本科,5-10年,海脉科技有限公司,50-150人,民营,20-28K,"etl, python, 数据仓库, hive, sql",ETL工程师岗位：负责业务数据的采集、清洗与指标体系搭建。核心技能：etl、python、数据仓库、hive、sql。要求具备扎实的编程基础与数据敏感度，熟悉主流工具链，有良好的团队协作与文档习惯。,2026-06-23,https://job.example.com/42_00068
大数据开发工程师,北京,本科,3-5年,智数智能有限公司,2000人以上,民营,18-21K·15薪,"flink, hive, java, linux, spark",大数据开发工程师岗位：与产品和运营协作，输出数据专题分析报告。核心技能：flink、hive、java、linux、spark。要求具备扎实的编程基础与数据敏感度，熟悉主流工具链，有良好的团队协作与文档习惯。,2026-08-24,https://job.example.com/42_00069
数据运营,杭州,硕士,3-5年,启图软件有限公司,少于50人,民营,18-22K,"excel, python, 用户增长, sql, 数据可视化",数据运营岗位：负责业务数据的采集、清洗与指标体系搭建。核心技能：excel、python、用户增长、sql、数据可视化。要求具备扎实的编程基础与数据敏感度，熟悉主流工具链，有良好的团队协作与文档习惯。,2026-07-06,https://job.example.com/42_00070
ETL工程师,成都,硕士,3-5年,智图智能有限公司,50-150人,合资,16-25K,"数据仓库, hive, spark, python, sql",ETL工程师岗位：负责业务数据的采集、清洗与指标体系搭建。核心技能：数据仓库、hive、spark、python、sql。要求具备扎实的编程基础与数据敏感度，熟悉主流工具链，有良好的团队协作与文档习惯。,2026-07-29,https://job.example.com/42_00071
BI工程师,武汉,大专,经验不限,星图软件有限公司,少于50人,民营,0.7-1.6万/月,"powerbi, 数据可视化, excel, etl, tableau",BI工程师岗位：负责核心算法的调研、实现与线上效果优化。核心技能：powerbi、数据可视化、excel、etl、tableau。要求具备扎实的编程基础与数据敏感度，熟悉主流工具链，有良好的团队协作与文档习惯。,2026-06-13,https://job.example.com/42_00072
算法工程师,广州,硕士,经验不限,启数软件有限公司,少于50人,外资,15-19K·14薪,"推荐系统, 数据结构, nlp, 机器学习, 深度学习",算法工程师岗位：负责业务数据的采集、清洗与指标体系搭建。核心技能：推荐系统、数据结构、nlp、机器学习、深度学习。要求具备扎实的编程基础与数据敏感度，熟悉主流工具链，有良好的团队协作与文档习惯。,2026-08-04,https://job.example.com/42_00073
机器学习工程师,广州,大专,1-3年,智数智能有限公司,50-150人,合资,1.1-1.8万/月,"机器学习, python, 深度学习, tensorflow, nlp",机器学习工程师岗位：负责业务数据的采集、清洗与指标体系搭建。核心技能：机器学习、python、深度学习、tensorflow、nlp。要求具备扎实的编程基础与数据敏感度，熟悉主流工具链，有良好的团队协作与文档习惯。,2026-06-04,https://job.example.com/42_00074
数据挖掘工程师,杭州,大专,5-10年,锐图软件有限公司,少于50人,国企,1.6-2.0万/月,"数据挖掘, spark, 统计学, python, sql",数据挖掘工程师岗位：参与数据模型设计与报表开发，支持业务决策。核心技能：数据挖掘、spark、统计学、python、sql。要求具备扎实的编程基础与数据敏感度，熟悉主流工具链，有良好的团队协作与文档习惯。,2026-08-07,https://job.example.com/42_00075
机器学习工程师,武汉,硕士,1-3年,锐途科技有限公司,50-150人,国企,1.3-1.7万/月,"深度学习, 机器学习, nlp, pytorch, tensorflow",机器学习工程师岗位：参与数据平台建设，保障数据质量与时效性。核心技能：深度学习、机器学习、nlp、pytorch、tensorflow。要求具备扎实的编程基础与数据敏感度，熟悉主流工具链，有良好的团队协作与文档习惯。,2026-07-05,https://job.example.com/42_00076
数据产品经理,武汉,硕士,3-5年,启途网络有限公司,2000人以上,合资,17-20K,"产品设计, excel, sql, 数据可视化, 用户研究",数据产品经理岗位：负责核心算法的调研、实现与线上效果优化。核心技能：产品设计、excel、sql、数据可视化、用户研究。要求具备扎实的编程基础与数据敏感度，熟悉主流工具链，有良好的团队协作与文档习惯。,2026-07-21,https://job.example.com/42_00077
ETL工程师,北京,本科,在校/应届,云途软件有限公司,500-2000人,国企,面议,"hive, etl, linux, python, 数据仓库",ETL工程师岗位：负责核心算法的调研、实现与线上效果优化。核心技能：hive、etl、linux、python、数据仓库。要求具备扎实的编程基础与数据敏感度，熟悉主流工具链，有良好的团队协作与文档习惯。,2026-08-04,https://job.example.com/42_00078
数据运营,成都,本科,1-3年,智数智能有限公司,500-2000人,上市公司,14-21K,"python, excel, 用户增长, 数据分析, sql",数据运营岗位：负责业务数据的采集、清洗与指标体系搭建。核心技能：python、excel、用户增长、数据分析、sql。要求具备扎实的编程基础与数据敏感度，熟悉主流工具链，有良好的团队协作与文档习惯。,2026-07-22,https://job.example.com/42_00079
数据分析师,成都,本科,5-10年,星合智能有限公司,500-2000人,上市公司,薪资面议,"数据可视化, numpy, pandas, python, sql",数据分析师岗位：负责业务数据的采集、清洗与指标体系搭建。核心技能：数据可视化、numpy、pandas、python、sql。要求具备扎实的编程基础与数据敏感度，熟悉主流工具链，有良好的团队协作与文档习惯。,2026-07-14,https://job.example.com/42_00080
机器学习工程师,成都,学历不限,在校/应届,蓝图数据有限公司,50-150人,民营,面议,"python, pytorch, nlp, 深度学习, tensorflow",机器学习工程师岗位：负责核心算法的调研、实现与线上效果优化。核心技能：python、pytorch、nlp、深度学习、tensorflow。要求具备扎实的编程基础与数据敏感度，熟悉主流工具链，有良好的团队协作与文档习惯。,2026-06-23,https://job.example.com/42_00081
ETL工程师,广州,学历不限,5-10年,智创软件有限公司,2000人以上,上市公司,17-22K·13薪,"linux, sql, etl, spark, 数据仓库",ETL工程师岗位：参与数据平台建设，保障数据质量与时效性。核心技能：linux、sql、etl、spark、数据仓库。要求具备扎实的编程基础与数据敏感度，熟悉主流工具链，有良好的团队协作与文档习惯。,2026-06-09,https://job.example.com/42_00082
数据产品经理,南京,大专,1-3年,启合科技有限公司,少于50人,外资,0.9-1.3万/月,"sql, 用户研究, 数据可视化, 需求分析, 产品设计",数据产品经理岗位：负责核心算法的调研、实现与线上效果优化。核心技能：sql、用户研究、数据可视化、需求分析、产品设计。要求具备扎实的编程基础与数据敏感度，熟悉主流工具链，有良好的团队协作与文档习惯。,2026-08-18,https://job.example.com/42_00083
ETL工程师,武汉,硕士,3-5年,蓝创软件有限公司,2000人以上,国企,1.8-2.2万/月,"数据仓库, linux, sql, spark, hive",ETL工程师岗位：参与数据模型设计与报表开发，支持业务决策。核心技能：数据仓库、linux、sql、spark、hive。要求具备扎实的编程基础与数据敏感度，熟悉主流工具链，有良好的团队协作与文档习惯。,2026-07-14,https://job.example.com/42_00084
Python开发工程师,广州,本科,在校/应届,蓝合软件有限公司,150-500人,上市公司,薪资面议,"django, sql, 爬虫, linux, flask",Python开发工程师岗位：负责核心算法的调研、实现与线上效果优化。核心技能：django、sql、爬虫、linux、flask。要求具备扎实的编程基础与数据敏感度，熟悉主流工具链，有良好的团队协作与文档习惯。,2026-06-09,https://job.example.com/42_00085
算法工程师,上海,硕士,3-5年,锐图数据有限公司,150-500人,外资,2.1-2.6万/月,"深度学习, 机器学习, nlp, 算法, 数据结构",算法工程师岗位：负责业务数据的采集、清洗与指标体系搭建。核心技能：深度学习、机器学习、nlp、算法、数据结构。要求具备扎实的编程基础与数据敏感度，熟悉主流工具链，有良好的团队协作与文档习惯。,2026-08-16,https://job.example.com/42_00086
Python开发工程师,杭州,硕士,1-3年,锐数科技有限公司,150-500人,外资,16-24K·16薪,"django, docker, linux, python, 爬虫",Python开发工程师岗位：与产品和运营协作，输出数据专题分析报告。核心技能：django、docker、linux、python、爬虫。要求具备扎实的编程基础与数据敏感度，熟悉主流工具链，有良好的团队协作与文档习惯。,2026-08-02,https://job.example.com/42_00087
机器学习工程师,深圳,本科,在校/应届,智创数据有限公司,2000人以上,合资,12-17K·15薪,"python, 深度学习, nlp, pytorch, tensorflow",机器学习工程师岗位：负责核心算法的调研、实现与线上效果优化。核心技能：python、深度学习、nlp、pytorch、tensorflow。要求具备扎实的编程基础与数据敏感度，熟悉主流工具链，有良好的团队协作与文档习惯。,2026-07-27,https://job.example.com/42_00088
数据分析师,武汉,本科,3-5年,星创数据有限公司,150-500人,合资,1.4-2.2万/月,"excel, sql, numpy, pandas, 数据可视化",数据分析师岗位：与产品和运营协作，输出数据专题分析报告。核心技能：excel、sql、numpy、pandas、数据可视化。要求具备扎实的编程基础与数据敏感度，熟悉主流工具链，有良好的团队协作与文档习惯。,2026-08-26,https://job.example.com/42_00089
ETL工程师,南京,硕士,5-10年,智创数据有限公司,150-500人,民营,19-23K·15薪,"hive, spark, 数据仓库, linux, sql",ETL工程师岗位：参与数据模型设计与报表开发，支持业务决策。核心技能：hive、spark、数据仓库、linux、sql。要求具备扎实的编程基础与数据敏感度，熟悉主流工具链，有良好的团队协作与文档习惯。,2026-08-06,https://job.example.com/42_00090
Python开发工程师,杭州,本科,5-10年,星脉软件有限公司,150-500人,民营,20-28K,"linux, docker, sql, 爬虫, flask",Python开发工程师岗位：负责业务数据的采集、清洗与指标体系搭建。核心技能：linux、docker、sql、爬虫、flask。要求具备扎实的编程基础与数据敏感度，熟悉主流工具链，有良好的团队协作与文档习惯。,2026-07-20,https://job.example.com/42_00091
Python开发工程师,成都,本科,经验不限,蓝脉软件有限公司,50-150人,合资,10-14K,"docker, python, 爬虫, linux, django",Python开发工程师岗位：负责业务数据的采集、清洗与指标体系搭建。核心技能：docker、python、爬虫、linux、django。要求具备扎实的编程基础与数据敏感度，熟悉主流工具链，有良好的团队协作与文档习惯。,2026-07-03,https://job.example.com/42_00092
机器学习工程师,广州,硕士,3-5年,蓝途科技有限公司,50-150人,合资,20-24K,"pytorch, nlp, tensorflow, python, 机器学习",机器学习工程师岗位：参与数据模型设计与报表开发，支持业务决策。核心技能：pytorch、nlp、tensorflow、python、机器学习。要求具备扎实的编程基础与数据敏感度，熟悉主流工具链，有良好的团队协作与文档习惯。,2026-08-03,https://job.example.com/42_00093
ETL工程师,北京,大专,3-5年,锐数数据有限公司,2000人以上,合资,14-22K,"数据仓库, etl, linux, hive, python",ETL工程师岗位：负责业务数据的采集、清洗与指标体系搭建。核心技能：数据仓库、etl、linux、hive、python。要求具备扎实的编程基础与数据敏感度，熟悉主流工具链，有良好的团队协作与文档习惯。,2026-08-07,https://job.example.com/42_00094
数据运营,北京,硕士,5-10年,蓝脉科技有限公司,150-500人,国企,2.0-2.8万/月,"用户增长, excel, python, sql, 数据可视化",数据运营岗位：负责业务数据的采集、清洗与指标体系搭建。核心技能：用户增长、excel、python、sql、数据可视化。要求具备扎实的编程基础与数据敏感度，熟悉主流工具链，有良好的团队协作与文档习惯。,2026-06-18,https://job.example.com/42_00095
数据分析师,成都,硕士,1-3年,海帆数据有限公司,少于50人,合资,面议,"统计学, excel, sql, numpy, pandas",数据分析师岗位：与产品和运营协作，输出数据专题分析报告。核心技能：统计学、excel、sql、numpy、pandas。要求具备扎实的编程基础与数据敏感度，熟悉主流工具链，有良好的团队协作与文档习惯。,2026-06-06,https://job.example.com/42_00096
机器学习工程师,北京,本科,1-3年,蓝数科技有限公司,150-500人,外资,薪资面议,"pytorch, tensorflow, nlp, 机器学习, python",机器学习工程师岗位：参与数据模型设计与报表开发，支持业务决策。核心技能：pytorch、tensorflow、nlp、机器学习、python。要求具备扎实的编程基础与数据敏感度，熟悉主流工具链，有良好的团队协作与文档习惯。,2026-07-26,https://job.example.com/42_00097
BI工程师,南京,硕士,1-3年,海合科技有限公司,500-2000人,上市公司,1.4-2.1万/月,"tableau, 数据可视化, etl, excel, powerbi",BI工程师岗位：负责业务数据的采集、清洗与指标体系搭建。核心技能：tableau、数据可视化、etl、excel、powerbi。要求具备扎实的编程基础与数据敏感度，熟悉主流工具链，有良好的团队协作与文档习惯。,2026-07-12,https://job.example.com/42_00098
Python开发工程师,上海,本科,3-5年,蓝合科技有限公司,150-500人,上市公司,1.8-2.1万/月,"docker, 爬虫, sql, flask, python",Python开发工程师岗位：与产品和运营协作，输出数据专题分析报告。核心技能：docker、爬虫、sql、flask、python。要求具备扎实的编程基础与数据敏感度，熟悉主流工具链，有良好的团队协作与文档习惯。,2026-06-10,https://job.example.com/42_00099
BI工程师,成都,硕士,5-10年,星途数据有限公司,150-500人,外资,18-23K·15薪,"excel, tableau, sql, 数据可视化, etl",BI工程师岗位：负责业务数据的采集、清洗与指标体系搭建。核心技能：excel、tableau、sql、数据可视化、etl。要求具备扎实的编程基础与数据敏感度，熟悉主流工具链，有良好的团队协作与文档习惯。,2026-07-28,https://job.example.com/42_00100
算法工程师,成都,硕士,5-10年,海数数据有限公司,少于50人,民营,2.0-2.9万/月,"python, 推荐系统, 算法, 机器学习, nlp",算法工程师岗位：负责核心算法的调研、实现与线上效果优化。核心技能：python、推荐系统、算法、机器学习、nlp。要求具备扎实的编程基础与数据敏感度，熟悉主流工具链，有良好的团队协作与文档习惯。,2026-08-11,https://job.example.com/42_00101
Python开发工程师,杭州,学历不限,1-3年,星途数据有限公司,少于50人,合资,14-18K·16薪,"django, sql, linux, docker, 爬虫",Python开发工程师岗位：与产品和运营协作，输出数据专题分析报告。核心技能：django、sql、linux、docker、爬虫。要求具备扎实的编程基础与数据敏感度，熟悉主流工具链，有良好的团队协作与文档习惯。,2026-08-27,https://job.example.com/42_00102
算法工程师,成都,大专,经验不限,智数智能有限公司,50-150人,民营,0.8-1.4万/月,"推荐系统, 数据结构, 机器学习, nlp, python",算法工程师岗位：参与数据模型设计与报表开发，支持业务决策。核心技能：推荐系统、数据结构、机器学习、nlp、python。要求具备扎实的编程基础与数据敏感度，熟悉主流工具链，有良好的团队协作与文档习惯。,2026-08-03,https://job.example.com/42_00103
数据分析师,成都,硕士,3-5年,云数软件有限公司,500-2000人,上市公司,18-22K,"pandas, numpy, 数据可视化, sql, 统计学",数据分析师岗位：负责业务数据的采集、清洗与指标体系搭建。核心技能：pandas、numpy、数据可视化、sql、统计学。要求具备扎实的编程基础与数据敏感度，熟悉主流工具链，有良好的团队协作与文档习惯。,2026-07-11,https://job.example.com/42_00104
Python开发工程师,南京,硕士,3-5年,锐脉科技有限公司,少于50人,上市公司,16-21K,"flask, docker, linux, 爬虫, python",Python开发工程师岗位：与产品和运营协作，输出数据专题分析报告。核心技能：flask、docker、linux、爬虫、python。要求具备扎实的编程基础与数据敏感度，熟悉主流工具链，有良好的团队协作与文档习惯。,2026-08-30,https://job.example.com/42_00105
机器学习工程师,成都,硕士,1-3年,海数智能有限公司,2000人以上,民营,14-19K,"python, 深度学习, 机器学习, pytorch, tensorflow",机器学习工程师岗位：参与数据模型设计与报表开发，支持业务决策。核心技能：python、深度学习、机器学习、pytorch、tensorflow。要求具备扎实的编程基础与数据敏感度，熟悉主流工具链，有良好的团队协作与文档习惯。,2026-08-24,https://job.example.com/42_00106
ETL工程师,成都,学历不限,3-5年,蓝图数据有限公司,2000人以上,合资,12-22K·15薪,"sql, python, linux, 数据仓库, hive",ETL工程师岗位：参与数据平台建设，保障数据质量与时效性。核心技能：sql、python、linux、数据仓库、hive。要求具备扎实的编程基础与数据敏感度，熟悉主流工具链，有良好的团队协作与文档习惯。,2026-08-09,https://job.example.com/42_00107
大数据开发工程师,杭州,硕士,在校/应届,海途数据有限公司,500-2000人,合资,14-22K·14薪,"sql, linux, flink, hadoop, spark",大数据开发工程师岗位：负责业务数据的采集、清洗与指标体系搭建。核心技能：sql、linux、flink、hadoop、spark。要求具备扎实的编程基础与数据敏感度，熟悉主流工具链，有良好的团队协作与文档习惯。,2026-06-19,https://job.example.com/42_00108
算法工程师,成都,大专,5-10年,云数数据有限公司,500-2000人,民营,14-19K,"机器学习, 深度学习, 算法, 数据结构, nlp",算法工程师岗位：参与数据平台建设，保障数据质量与时效性。核心技能：机器学习、深度学习、算法、数据结构、nlp。要求具备扎实的编程基础与数据敏感度，熟悉主流工具链，有良好的团队协作与文档习惯。,2026-06-07,https://job.example.com/42_00109
大数据开发工程师,武汉,学历不限,3-5年,星脉数据有限公司,500-2000人,上市公司,13-23K,"flink, spark, linux, hadoop, sql",大数据开发工程师岗位：负责核心算法的调研、实现与线上效果优化。核心技能：flink、spark、linux、hadoop、sql。要求具备扎实的编程基础与数据敏感度，熟悉主流工具链，有良好的团队协作与文档习惯。,2026-06-12,https://job.example.com/42_00110
BI工程师,南京,本科,在校/应届,锐脉软件有限公司,150-500人,上市公司,面议,"etl, powerbi, sql, 数据可视化, tableau",BI工程师岗位：与产品和运营协作，输出数据专题分析报告。核心技能：etl、powerbi、sql、数据可视化、tableau。要求具备扎实的编程基础与数据敏感度，熟悉主流工具链，有良好的团队协作与文档习惯。,2026-07-26,https://job.example.com/42_00111
数据挖掘工程师,杭州,大专,1-3年,锐创数据有限公司,150-500人,上市公司,14-24K·16薪,"spark, sql, 数据挖掘, python, 机器学习",数据挖掘工程师岗位：负责业务数据的采集、清洗与指标体系搭建。核心技能：spark、sql、数据挖掘、python、机器学习。要求具备扎实的编程基础与数据敏感度，熟悉主流工具链，有良好的团队协作与文档习惯。,2026-08-10,https://job.example.com/42_00112
大数据开发工程师,上海,本科,经验不限,锐创软件有限公司,2000人以上,民营,面议,"flink, hadoop, linux, hive, java",大数据开发工程师岗位：参与数据模型设计与报表开发，支持业务决策。核心技能：flink、hadoop、linux、hive、java。要求具备扎实的编程基础与数据敏感度，熟悉主流工具链，有良好的团队协作与文档习惯。,2026-07-13,https://job.example.com/42_00113
数据产品经理,南京,本科,3-5年,启创网络有限公司,2000人以上,外资,16-23K·13薪,"用户研究, 需求分析, sql, 产品设计, excel",数据产品经理岗位：参与数据模型设计与报表开发，支持业务决策。核心技能：用户研究、需求分析、sql、产品设计、excel。要求具备扎实的编程基础与数据敏感度，熟悉主流工具链，有良好的团队协作与文档习惯。,2026-06-03,https://job.example.com/42_00114
算法工程师,成都,大专,经验不限,蓝图智能有限公司,2000人以上,国企,1.0-1.5万/月,"深度学习, 推荐系统, 机器学习, python, nlp",算法工程师岗位：与产品和运营协作，输出数据专题分析报告。核心技能：深度学习、推荐系统、机器学习、python、nlp。要求具备扎实的编程基础与数据敏感度，熟悉主流工具链，有良好的团队协作与文档习惯。,2026-08-07,https://job.example.com/42_00115
ETL工程师,武汉,本科,5-10年,启数软件有限公司,50-150人,合资,1.8-2.8万/月,"linux, etl, sql, 数据仓库, spark",ETL工程师岗位：负责业务数据的采集、清洗与指标体系搭建。核心技能：linux、etl、sql、数据仓库、spark。要求具备扎实的编程基础与数据敏感度，熟悉主流工具链，有良好的团队协作与文档习惯。,2026-06-08,https://job.example.com/42_00116
数据挖掘工程师,深圳,硕士,1-3年,启创网络有限公司,2000人以上,外资,1.8-2.8万/月,"统计学, sql, pandas, spark, 机器学习",数据挖掘工程师岗位：参与数据模型设计与报表开发，支持业务决策。核心技能：统计学、sql、pandas、spark、机器学习。要求具备扎实的编程基础与数据敏感度，熟悉主流工具链，有良好的团队协作与文档习惯。,2026-06-25,https://job.example.com/42_00117
机器学习工程师,杭州,硕士,1-3年,蓝合网络有限公司,2000人以上,外资,18-27K·16薪,"机器学习, 深度学习, pytorch, tensorflow, python",机器学习工程师岗位：与产品和运营协作，输出数据专题分析报告。核心技能：机器学习、深度学习、pytorch、tensorflow、python。要求具备扎实的编程基础与数据敏感度，熟悉主流工具链，有良好的团队协作与文档习惯。,2026-07-15,https://job.example.com/42_00118
数据挖掘工程师,杭州,本科,1-3年,海合数据有限公司,50-150人,上市公司,16-21K,"统计学, python, 数据挖掘, sql, pandas",数据挖掘工程师岗位：负责核心算法的调研、实现与线上效果优化。核心技能：统计学、python、数据挖掘、sql、pandas。要求具备扎实的编程基础与数据敏感度，熟悉主流工具链，有良好的团队协作与文档习惯。,2026-08-18,https://job.example.com/42_00119
ETL工程师,深圳,本科,经验不限,启数软件有限公司,少于50人,国企,面议,"linux, 数据仓库, etl, python, sql",ETL工程师岗位：负责业务数据的采集、清洗与指标体系搭建。核心技能：linux、数据仓库、etl、python、sql。要求具备扎实的编程基础与数据敏感度，熟悉主流工具链，有良好的团队协作与文档习惯。,2026-07-23,https://job.example.com/42_00120
数据产品经理,南京,大专,在校/应届,海创数据有限公司,2000人以上,民营,0.7-1.6万/月,"sql, excel, 用户研究, 产品设计, 数据可视化",数据产品经理岗位：负责业务数据的采集、清洗与指标体系搭建。核心技能：sql、excel、用户研究、产品设计、数据可视化。要求具备扎实的编程基础与数据敏感度，熟悉主流工具链，有良好的团队协作与文档习惯。,2026-06-23,https://job.example.com/42_00121
数据分析师,武汉,学历不限,1-3年,锐创科技有限公司,150-500人,外资,12-17K·16薪,"sql, excel, pandas, python, numpy",数据分析师岗位：负责核心算法的调研、实现与线上效果优化。核心技能：sql、excel、pandas、python、numpy。要求具备扎实的编程基础与数据敏感度，熟悉主流工具链，有良好的团队协作与文档习惯。,2026-08-04,https://job.example.com/42_00122
数据产品经理,杭州,本科,5-10年,海帆科技有限公司,150-500人,外资,18-23K·14薪,"数据可视化, sql, 需求分析, 用户研究, 产品设计",数据产品经理岗位：负责核心算法的调研、实现与线上效果优化。核心技能：数据可视化、sql、需求分析、用户研究、产品设计。要求具备扎实的编程基础与数据敏感度，熟悉主流工具链，有良好的团队协作与文档习惯。,2026-08-21,https://job.example.com/42_00123
BI工程师,武汉,硕士,1-3年,蓝帆科技有限公司,150-500人,合资,15-23K,"sql, 数据可视化, excel, etl, powerbi",BI工程师岗位：与产品和运营协作，输出数据专题分析报告。核心技能：sql、数据可视化、excel、etl、powerbi。要求具备扎实的编程基础与数据敏感度，熟悉主流工具链，有良好的团队协作与文档习惯。,2026-08-14,https://job.example.com/42_00124
ETL工程师,北京,本科,3-5年,启数数据有限公司,500-2000人,上市公司,1.8-2.2万/月,"hive, linux, etl, sql, python",ETL工程师岗位：负责业务数据的采集、清洗与指标体系搭建。核心技能：hive、linux、etl、sql、python。要求具备扎实的编程基础与数据敏感度，熟悉主流工具链，有良好的团队协作与文档习惯。,2026-08-21,https://job.example.com/42_00125
大数据开发工程师,成都,硕士,在校/应届,蓝合智能有限公司,500-2000人,上市公司,1.2-1.8万/月,"spark, sql, flink, linux, hive",大数据开发工程师岗位：参与数据平台建设，保障数据质量与时效性。核心技能：spark、sql、flink、linux、hive。要求具备扎实的编程基础与数据敏感度，熟悉主流工具链，有良好的团队协作与文档习惯。,2026-08-27,https://job.example.com/42_00126
ETL工程师,上海,硕士,1-3年,云脉智能有限公司,2000人以上,国企,17-22K,"数据仓库, linux, hive, sql, python",ETL工程师岗位：负责业务数据的采集、清洗与指标体系搭建。核心技能：数据仓库、linux、hive、sql、python。要求具备扎实的编程基础与数据敏感度，熟悉主流工具链，有良好的团队协作与文档习惯。,2026-08-06,https://job.example.com/42_00127
数据产品经理,上海,大专,在校/应届,启帆智能有限公司,500-2000人,合资,12-19K·15薪,"excel, 用户研究, 产品设计, 数据可视化, 需求分析",数据产品经理岗位：负责业务数据的采集、清洗与指标体系搭建。核心技能：excel、用户研究、产品设计、数据可视化、需求分析。要求具备扎实的编程基础与数据敏感度，熟悉主流工具链，有良好的团队协作与文档习惯。,2026-06-03,https://job.example.com/42_00128
BI工程师,杭州,学历不限,经验不限,海途智能有限公司,少于50人,民营,1.2-1.5万/月,"excel, tableau, sql, 数据可视化, etl",BI工程师岗位：负责核心算法的调研、实现与线上效果优化。核心技能：excel、tableau、sql、数据可视化、etl。要求具备扎实的编程基础与数据敏感度，熟悉主流工具链，有良好的团队协作与文档习惯。,2026-07-07,https://job.example.com/42_00129
BI工程师,广州,学历不限,在校/应届,启途智能有限公司,50-150人,外资,薪资面议,"excel, 数据可视化, powerbi, tableau, etl",BI工程师岗位：与产品和运营协作，输出数据专题分析报告。核心技能：excel、数据可视化、powerbi、tableau、etl。要求具备扎实的编程基础与数据敏感度，熟悉主流工具链，有良好的团队协作与文档习惯。,2026-08-07,https://job.example.com/42_00130
数据挖掘工程师,深圳,学历不限,经验不限,启创软件有限公司,50-150人,国企,11-18K,"spark, python, 数据挖掘, sql, pandas",数据挖掘工程师岗位：参与数据平台建设，保障数据质量与时效性。核心技能：spark、python、数据挖掘、sql、pandas。要求具备扎实的编程基础与数据敏感度，熟悉主流工具链，有良好的团队协作与文档习惯。,2026-06-15,https://job.example.com/42_00131
数据分析师,武汉,硕士,5-10年,云合智能有限公司,少于50人,国企,2.0-3.0万/月,"python, sql, excel, 统计学, numpy",数据分析师岗位：参与数据平台建设，保障数据质量与时效性。核心技能：python、sql、excel、统计学、numpy。要求具备扎实的编程基础与数据敏感度，熟悉主流工具链，有良好的团队协作与文档习惯。,2026-06-30,https://job.example.com/42_00132
数据运营,深圳,学历不限,5-10年,锐脉网络有限公司,50-150人,外资,1.7-2.6万/月,"excel, sql, 数据可视化, python, 数据分析",数据运营岗位：参与数据平台建设，保障数据质量与时效性。核心技能：excel、sql、数据可视化、python、数据分析。要求具备扎实的编程基础与数据敏感度，熟悉主流工具链，有良好的团队协作与文档习惯。,2026-07-09,https://job.example.com/42_00133
大数据开发工程师,北京,硕士,3-5年,海图软件有限公司,2000人以上,外资,2.2-2.7万/月,"linux, spark, flink, hive, java",大数据开发工程师岗位：负责核心算法的调研、实现与线上效果优化。核心技能：linux、spark、flink、hive、java。要求具备扎实的编程基础与数据敏感度，熟悉主流工具链，有良好的团队协作与文档习惯。,2026-07-09,https://job.example.com/42_00134
BI工程师,广州,学历不限,3-5年,云创软件有限公司,500-2000人,上市公司,16-22K,"数据可视化, tableau, etl, excel, sql",BI工程师岗位：与产品和运营协作，输出数据专题分析报告。核心技能：数据可视化、tableau、etl、excel、sql。要求具备扎实的编程基础与数据敏感度，熟悉主流工具链，有良好的团队协作与文档习惯。,2026-06-27,https://job.example.com/42_00135
算法工程师,上海,硕士,5-10年,启图智能有限公司,2000人以上,民营,2.1-2.7万/月,"机器学习, python, 推荐系统, 算法, nlp",算法工程师岗位：负责核心算法的调研、实现与线上效果优化。核心技能：机器学习、python、推荐系统、算法、nlp。要求具备扎实的编程基础与数据敏感度，熟悉主流工具链，有良好的团队协作与文档习惯。,2026-08-01,https://job.example.com/42_00136
机器学习工程师,成都,本科,经验不限,海创数据有限公司,500-2000人,国企,12-21K·13薪,"机器学习, nlp, python, 深度学习, pytorch",机器学习工程师岗位：参与数据模型设计与报表开发，支持业务决策。核心技能：机器学习、nlp、python、深度学习、pytorch。要求具备扎实的编程基础与数据敏感度，熟悉主流工具链，有良好的团队协作与文档习惯。,2026-08-08,https://job.example.com/42_00137
算法工程师,杭州,本科,1-3年,智脉网络有限公司,50-150人,外资,14-20K·15薪,"推荐系统, 深度学习, nlp, python, 机器学习",算法工程师岗位：与产品和运营协作，输出数据专题分析报告。核心技能：推荐系统、深度学习、nlp、python、机器学习。要求具备扎实的编程基础与数据敏感度，熟悉主流工具链，有良好的团队协作与文档习惯。,2026-06-19,https://job.example.com/42_00138
数据分析师,杭州,硕士,3-5年,蓝帆软件有限公司,2000人以上,国企,20-27K·16薪,"数据可视化, excel, numpy, pandas, python",数据分析师岗位：参与数据模型设计与报表开发，支持业务决策。核心技能：数据可视化、excel、numpy、pandas、python。要求具备扎实的编程基础与数据敏感度，熟悉主流工具链，有良好的团队协作与文档习惯。,2026-08-02,https://job.example.com/42_00139
数据产品经理,南京,本科,3-5年,锐图科技有限公司,2000人以上,民营,1.3-1.6万/月,"sql, 需求分析, 用户研究, excel, 产品设计",数据产品经理岗位：参与数据模型设计与报表开发，支持业务决策。核心技能：sql、需求分析、用户研究、excel、产品设计。要求具备扎实的编程基础与数据敏感度，熟悉主流工具链，有良好的团队协作与文档习惯。,2026-06-01,https://job.example.com/42_00140
BI工程师,广州,学历不限,3-5年,启数科技有限公司,2000人以上,上市公司,1.6-1.9万/月,"tableau, sql, excel, etl, powerbi",BI工程师岗位：参与数据平台建设，保障数据质量与时效性。核心技能：tableau、sql、excel、etl、powerbi。要求具备扎实的编程基础与数据敏感度，熟悉主流工具链，有良好的团队协作与文档习惯。,2026-06-01,https://job.example.com/42_00141
数据运营,武汉,本科,经验不限,云途智能有限公司,50-150人,国企,11-19K,"数据分析, 数据可视化, python, excel, sql",数据运营岗位：参与数据模型设计与报表开发，支持业务决策。核心技能：数据分析、数据可视化、python、excel、sql。要求具备扎实的编程基础与数据敏感度，熟悉主流工具链，有良好的团队协作与文档习惯。,2026-07-21,https://job.example.com/42_00142
Python开发工程师,成都,硕士,1-3年,海脉科技有限公司,少于50人,合资,16-19K·15薪,"flask, linux, django, docker, sql",Python开发工程师岗位：负责业务数据的采集、清洗与指标体系搭建。核心技能：flask、linux、django、docker、sql。要求具备扎实的编程基础与数据敏感度，熟悉主流工具链，有良好的团队协作与文档习惯。,2026-06-02,https://job.example.com/42_00143
数据挖掘工程师,上海,硕士,5-10年,星帆智能有限公司,500-2000人,外资,面议,"sql, 统计学, 数据挖掘, python, pandas",数据挖掘工程师岗位：负责业务数据的采集、清洗与指标体系搭建。核心技能：sql、统计学、数据挖掘、python、pandas。要求具备扎实的编程基础与数据敏感度，熟悉主流工具链，有良好的团队协作与文档习惯。,2026-08-27,https://job.example.com/42_00144
大数据开发工程师,北京,本科,5-10年,云数数据有限公司,2000人以上,国企,22-30K·13薪,"hadoop, java, spark, hive, sql",大数据开发工程师岗位：与产品和运营协作，输出数据专题分析报告。核心技能：hadoop、java、spark、hive、sql。要求具备扎实的编程基础与数据敏感度，熟悉主流工具链，有良好的团队协作与文档习惯。,2026-06-18,https://job.example.com/42_00145
Python开发工程师,成都,本科,经验不限,锐合网络有限公司,少于50人,外资,1.2-2.2万/月,"sql, linux, python, docker, 爬虫",Python开发工程师岗位：参与数据平台建设，保障数据质量与时效性。核心技能：sql、linux、python、docker、爬虫。要求具备扎实的编程基础与数据敏感度，熟悉主流工具链，有良好的团队协作与文档习惯。,2026-06-30,https://job.example.com/42_00146
算法工程师,武汉,硕士,在校/应届,智帆科技有限公司,少于50人,外资,11-20K,"nlp, 推荐系统, 深度学习, python, 机器学习",算法工程师岗位：负责核心算法的调研、实现与线上效果优化。核心技能：nlp、推荐系统、深度学习、python、机器学习。要求具备扎实的编程基础与数据敏感度，熟悉主流工具链，有良好的团队协作与文档习惯。,2026-07-17,https://job.example.com/42_00147
Python开发工程师,上海,本科,1-3年,星合软件有限公司,2000人以上,上市公司,14-17K,"sql, docker, django, python, 爬虫",Python开发工程师岗位：负责业务数据的采集、清洗与指标体系搭建。核心技能：sql、docker、django、python、爬虫。要求具备扎实的编程基础与数据敏感度，熟悉主流工具链，有良好的团队协作与文档习惯。,2026-07-16,https://job.example.com/42_00148
数据运营,上海,硕士,3-5年,智途智能有限公司,50-150人,上市公司,21-26K,"数据可视化, 用户增长, excel, sql, python",数据运营岗位：与产品和运营协作，输出数据专题分析报告。核心技能：数据可视化、用户增长、excel、sql、python。要求具备扎实的编程基础与数据敏感度，熟悉主流工具链，有良好的团队协作与文档习惯。,2026-07-05,https://job.example.com/42_00149
大数据开发工程师,杭州,硕士,在校/应届,启脉科技有限公司,150-500人,外资,1.6-2.2万/月,"java, spark, flink, hadoop, linux",大数据开发工程师岗位：负责核心算法的调研、实现与线上效果优化。核心技能：java、spark、flink、hadoop、linux。要求具备扎实的编程基础与数据敏感度，熟悉主流工具链，有良好的团队协作与文档习惯。,2026-07-29,https://job.example.com/42_00150
Python开发工程师,广州,本科,经验不限,蓝合智能有限公司,50-150人,外资,12-22K,"sql, docker, flask, 爬虫, linux",Python开发工程师岗位：与产品和运营协作，输出数据专题分析报告。核心技能：sql、docker、flask、爬虫、linux。要求具备扎实的编程基础与数据敏感度，熟悉主流工具链，有良好的团队协作与文档习惯。,2026-06-23,https://job.example.com/42_00151
BI工程师,成都,本科,3-5年,智脉软件有限公司,150-500人,民营,1.4-1.9万/月,"excel, 数据可视化, tableau, etl, powerbi",BI工程师岗位：负责核心算法的调研、实现与线上效果优化。核心技能：excel、数据可视化、tableau、etl、powerbi。要求具备扎实的编程基础与数据敏感度，熟悉主流工具链，有良好的团队协作与文档习惯。,2026-08-27,https://job.example.com/42_00152
数据运营,北京,大专,1-3年,海合数据有限公司,150-500人,国企,14-23K·16薪,"python, sql, 用户增长, 数据分析, excel",数据运营岗位：与产品和运营协作，输出数据专题分析报告。核心技能：python、sql、用户增长、数据分析、excel。要求具备扎实的编程基础与数据敏感度，熟悉主流工具链，有良好的团队协作与文档习惯。,2026-07-19,https://job.example.com/42_00153
Python开发工程师,南京,硕士,1-3年,智数智能有限公司,2000人以上,民营,面议,"flask, sql, 爬虫, django, docker",Python开发工程师岗位：负责业务数据的采集、清洗与指标体系搭建。核心技能：flask、sql、爬虫、django、docker。要求具备扎实的编程基础与数据敏感度，熟悉主流工具链，有良好的团队协作与文档习惯。,2026-08-24,https://job.example.com/42_00154
算法工程师,广州,大专,3-5年,云途网络有限公司,50-150人,上市公司,1.4-2.4万/月,"python, 推荐系统, 深度学习, 机器学习, 算法",算法工程师岗位：负责业务数据的采集、清洗与指标体系搭建。核心技能：python、推荐系统、深度学习、机器学习、算法。要求具备扎实的编程基础与数据敏感度，熟悉主流工具链，有良好的团队协作与文档习惯。,2026-07-18,https://job.example.com/42_00155
BI工程师,南京,学历不限,3-5年,云数软件有限公司,少于50人,民营,1.2-2.0万/月,"etl, excel, tableau, 数据可视化, sql",BI工程师岗位：与产品和运营协作，输出数据专题分析报告。核心技能：etl、excel、tableau、数据可视化、sql。要求具备扎实的编程基础与数据敏感度，熟悉主流工具链，有良好的团队协作与文档习惯。,2026-07-10,https://job.example.com/42_00156
算法工程师,南京,学历不限,在校/应届,海图软件有限公司,150-500人,民营,6-9K·16薪,"推荐系统, 深度学习, 机器学习, nlp, python",算法工程师岗位：与产品和运营协作，输出数据专题分析报告。核心技能：推荐系统、深度学习、机器学习、nlp、python。要求具备扎实的编程基础与数据敏感度，熟悉主流工具链，有良好的团队协作与文档习惯。,2026-07-14,https://job.example.com/42_00157
Python开发工程师,广州,大专,在校/应届,启合数据有限公司,500-2000人,国企,11-20K,"flask, linux, 爬虫, django, sql",Python开发工程师岗位：参与数据平台建设，保障数据质量与时效性。核心技能：flask、linux、爬虫、django、sql。要求具备扎实的编程基础与数据敏感度，熟悉主流工具链，有良好的团队协作与文档习惯。,2026-08-18,https://job.example.com/42_00158
机器学习工程师,南京,硕士,1-3年,锐途智能有限公司,50-150人,外资,16-20K,"tensorflow, python, 机器学习, pytorch, nlp",机器学习工程师岗位：负责业务数据的采集、清洗与指标体系搭建。核心技能：tensorflow、python、机器学习、pytorch、nlp。要求具备扎实的编程基础与数据敏感度，熟悉主流工具链，有良好的团队协作与文档习惯。,2026-08-25,https://job.example.com/42_00159
数据产品经理,成都,硕士,1-3年,锐帆网络有限公司,2000人以上,上市公司,面议,"用户研究, 产品设计, 数据可视化, 需求分析, sql",数据产品经理岗位：与产品和运营协作，输出数据专题分析报告。核心技能：用户研究、产品设计、数据可视化、需求分析、sql。要求具备扎实的编程基础与数据敏感度，熟悉主流工具链，有良好的团队协作与文档习惯。,2026-07-11,https://job.example.com/42_00160
Python开发工程师,深圳,本科,经验不限,星创软件有限公司,500-2000人,国企,13-18K·13薪,"linux, docker, 爬虫, sql, flask",Python开发工程师岗位：参与数据平台建设，保障数据质量与时效性。核心技能：linux、docker、爬虫、sql、flask。要求具备扎实的编程基础与数据敏感度，熟悉主流工具链，有良好的团队协作与文档习惯。,2026-07-07,https://job.example.com/42_00161
数据挖掘工程师,广州,本科,5-10年,星帆软件有限公司,2000人以上,上市公司,2.0-3.0万/月,"sql, pandas, python, 数据挖掘, 统计学",数据挖掘工程师岗位：与产品和运营协作，输出数据专题分析报告。核心技能：sql、pandas、python、数据挖掘、统计学。要求具备扎实的编程基础与数据敏感度，熟悉主流工具链，有良好的团队协作与文档习惯。,2026-07-24,https://job.example.com/42_00162
数据产品经理,南京,本科,经验不限,星创网络有限公司,50-150人,合资,12-16K·14薪,"用户研究, 数据可视化, 需求分析, 产品设计, excel",数据产品经理岗位：负责核心算法的调研、实现与线上效果优化。核心技能：用户研究、数据可视化、需求分析、产品设计、excel。要求具备扎实的编程基础与数据敏感度，熟悉主流工具链，有良好的团队协作与文档习惯。,2026-06-15,https://job.example.com/42_00163
大数据开发工程师,成都,硕士,5-10年,海脉数据有限公司,150-500人,民营,20-24K·13薪,"sql, java, flink, spark, hive",大数据开发工程师岗位：负责业务数据的采集、清洗与指标体系搭建。核心技能：sql、java、flink、spark、hive。要求具备扎实的编程基础与数据敏感度，熟悉主流工具链，有良好的团队协作与文档习惯。,2026-06-16,https://job.example.com/42_00164
机器学习工程师,深圳,学历不限,3-5年,智帆科技有限公司,2000人以上,外资,15-23K·15薪,"pytorch, 深度学习, tensorflow, python, nlp",机器学习工程师岗位：参与数据模型设计与报表开发，支持业务决策。核心技能：pytorch、深度学习、tensorflow、python、nlp。要求具备扎实的编程基础与数据敏感度，熟悉主流工具链，有良好的团队协作与文档习惯。,2026-07-08,https://job.example.com/42_00165
大数据开发工程师,杭州,学历不限,3-5年,智图数据有限公司,50-150人,国企,薪资面议,"linux, java, spark, flink, sql",大数据开发工程师岗位：负责核心算法的调研、实现与线上效果优化。核心技能：linux、java、spark、flink、sql。要求具备扎实的编程基础与数据敏感度，熟悉主流工具链，有良好的团队协作与文档习惯。,2026-07-02,https://job.example.com/42_00166
BI工程师,南京,本科,3-5年,海脉科技有限公司,500-2000人,上市公司,1.5-2.5万/月,"excel, powerbi, 数据可视化, tableau, etl",BI工程师岗位：负责业务数据的采集、清洗与指标体系搭建。核心技能：excel、powerbi、数据可视化、tableau、etl。要求具备扎实的编程基础与数据敏感度，熟悉主流工具链，有良好的团队协作与文档习惯。,2026-08-02,https://job.example.com/42_00167
算法工程师,北京,学历不限,5-10年,智途智能有限公司,500-2000人,国企,1.8-2.8万/月,"数据结构, nlp, python, 深度学习, 机器学习",算法工程师岗位：负责核心算法的调研、实现与线上效果优化。核心技能：数据结构、nlp、python、深度学习、机器学习。要求具备扎实的编程基础与数据敏感度，熟悉主流工具链，有良好的团队协作与文档习惯。,2026-07-05,https://job.example.com/42_00168
算法工程师,杭州,本科,3-5年,云途软件有限公司,少于50人,民营,1.6-2.6万/月,"推荐系统, 算法, 数据结构, 深度学习, nlp",算法工程师岗位：负责业务数据的采集、清洗与指标体系搭建。核心技能：推荐系统、算法、数据结构、深度学习、nlp。要求具备扎实的编程基础与数据敏感度，熟悉主流工具链，有良好的团队协作与文档习惯。,2026-07-29,https://job.example.com/42_00169
数据分析师,武汉,本科,3-5年,海数网络有限公司,少于50人,外资,1.4-1.7万/月,"sql, excel, pandas, 统计学, numpy",数据分析师岗位：负责业务数据的采集、清洗与指标体系搭建。核心技能：sql、excel、pandas、统计学、numpy。要求具备扎实的编程基础与数据敏感度，熟悉主流工具链，有良好的团队协作与文档习惯。,2026-07-21,https://job.example.com/42_00170
大数据开发工程师,深圳,硕士,3-5年,云帆智能有限公司,50-150人,上市公司,1.8-2.1万/月,"java, linux, sql, hive, flink",大数据开发工程师岗位：与产品和运营协作，输出数据专题分析报告。核心技能：java、linux、sql、hive、flink。要求具备扎实的编程基础与数据敏感度，熟悉主流工具链，有良好的团队协作与文档习惯。,2026-08-29,https://job.example.com/42_00171
算法工程师,上海,学历不限,1-3年,云图科技有限公司,少于50人,外资,14-19K·13薪,"nlp, 算法, 深度学习, python, 推荐系统",算法工程师岗位：与产品和运营协作，输出数据专题分析报告。核心技能：nlp、算法、深度学习、python、推荐系统。要求具备扎实的编程基础与数据敏感度，熟悉主流工具链，有良好的团队协作与文档习惯。,2026-06-18,https://job.example.com/42_00172
数据挖掘工程师,上海,硕士,3-5年,海图数据有限公司,500-2000人,上市公司,1.9-2.3万/月,"python, pandas, 机器学习, sql, 统计学",数据挖掘工程师岗位：参与数据模型设计与报表开发，支持业务决策。核心技能：python、pandas、机器学习、sql、统计学。要求具备扎实的编程基础与数据敏感度，熟悉主流工具链，有良好的团队协作与文档习惯。,2026-06-13,https://job.example.com/42_00173
数据挖掘工程师,上海,硕士,3-5年,蓝图科技有限公司,50-150人,上市公司,20-23K·16薪,"sql, 数据挖掘, spark, 统计学, python",数据挖掘工程师岗位：参与数据模型设计与报表开发，支持业务决策。核心技能：sql、数据挖掘、spark、统计学、python。要求具备扎实的编程基础与数据敏感度，熟悉主流工具链，有良好的团队协作与文档习惯。,2026-08-24,https://job.example.com/42_00174
大数据开发工程师,深圳,硕士,3-5年,智脉数据有限公司,500-2000人,合资,薪资面议,"hive, spark, flink, hadoop, sql",大数据开发工程师岗位：负责业务数据的采集、清洗与指标体系搭建。核心技能：hive、spark、flink、hadoop、sql。要求具备扎实的编程基础与数据敏感度，熟悉主流工具链，有良好的团队协作与文档习惯。,2026-08-21,https://job.example.com/42_00175
ETL工程师,上海,硕士,经验不限,蓝创数据有限公司,500-2000人,民营,面议,"hive, python, etl, spark, linux",ETL工程师岗位：与产品和运营协作，输出数据专题分析报告。核心技能：hive、python、etl、spark、linux。要求具备扎实的编程基础与数据敏感度，熟悉主流工具链，有良好的团队协作与文档习惯。,2026-06-02,https://job.example.com/42_00176
大数据开发工程师,深圳,本科,经验不限,智合软件有限公司,500-2000人,民营,13-20K,"sql, flink, hive, hadoop, linux",大数据开发工程师岗位：参与数据平台建设，保障数据质量与时效性。核心技能：sql、flink、hive、hadoop、linux。要求具备扎实的编程基础与数据敏感度，熟悉主流工具链，有良好的团队协作与文档习惯。,2026-07-10,https://job.example.com/42_00177
Python开发工程师,深圳,学历不限,在校/应届,海脉数据有限公司,少于50人,国企,薪资面议,"flask, docker, sql, python, linux",Python开发工程师岗位：与产品和运营协作，输出数据专题分析报告。核心技能：flask、docker、sql、python、linux。要求具备扎实的编程基础与数据敏感度，熟悉主流工具链，有良好的团队协作与文档习惯。,2026-06-15,https://job.example.com/42_00178
数据产品经理,北京,本科,3-5年,星合网络有限公司,2000人以上,上市公司,1.8-2.3万/月,"excel, 需求分析, 数据可视化, 产品设计, sql",数据产品经理岗位：负责业务数据的采集、清洗与指标体系搭建。核心技能：excel、需求分析、数据可视化、产品设计、sql。要求具备扎实的编程基础与数据敏感度，熟悉主流工具链，有良好的团队协作与文档习惯。,2026-07-18,https://job.example.com/42_00179
数据挖掘工程师,杭州,大专,经验不限,云数智能有限公司,少于50人,合资,12-15K·13薪,"spark, python, 数据挖掘, sql, 机器学习",数据挖掘工程师岗位：参与数据平台建设，保障数据质量与时效性。核心技能：spark、python、数据挖掘、sql、机器学习。要求具备扎实的编程基础与数据敏感度，熟悉主流工具链，有良好的团队协作与文档习惯。,2026-08-12,https://job.example.com/42_00180
数据挖掘工程师,成都,本科,1-3年,云途科技有限公司,50-150人,民营,14-19K,"spark, python, pandas, 统计学, sql",数据挖掘工程师岗位：参与数据平台建设，保障数据质量与时效性。核心技能：spark、python、pandas、统计学、sql。要求具备扎实的编程基础与数据敏感度，熟悉主流工具链，有良好的团队协作与文档习惯。,2026-06-05,https://job.example.com/42_00181
数据运营,武汉,本科,1-3年,蓝途智能有限公司,少于50人,国企,11-20K,"sql, 用户增长, 数据可视化, python, excel",数据运营岗位：参与数据平台建设，保障数据质量与时效性。核心技能：sql、用户增长、数据可视化、python、excel。要求具备扎实的编程基础与数据敏感度，熟悉主流工具链，有良好的团队协作与文档习惯。,2026-07-30,https://job.example.com/42_00182
大数据开发工程师,杭州,本科,经验不限,锐脉网络有限公司,2000人以上,国企,14-20K·15薪,"hive, flink, java, hadoop, sql",大数据开发工程师岗位：负责核心算法的调研、实现与线上效果优化。核心技能：hive、flink、java、hadoop、sql。要求具备扎实的编程基础与数据敏感度，熟悉主流工具链，有良好的团队协作与文档习惯。,2026-08-09,https://job.example.com/42_00183
机器学习工程师,广州,本科,1-3年,云脉软件有限公司,150-500人,民营,14-23K·13薪,"python, 机器学习, 深度学习, tensorflow, nlp",机器学习工程师岗位：负责核心算法的调研、实现与线上效果优化。核心技能：python、机器学习、深度学习、tensorflow、nlp。要求具备扎实的编程基础与数据敏感度，熟悉主流工具链，有良好的团队协作与文档习惯。,2026-06-08,https://job.example.com/42_00184
数据挖掘工程师,杭州,本科,经验不限,锐途智能有限公司,50-150人,合资,面议,"机器学习, pandas, sql, 数据挖掘, spark",数据挖掘工程师岗位：负责业务数据的采集、清洗与指标体系搭建。核心技能：机器学习、pandas、sql、数据挖掘、spark。要求具备扎实的编程基础与数据敏感度，熟悉主流工具链，有良好的团队协作与文档习惯。,2026-07-26,https://job.example.com/42_00185
数据挖掘工程师,深圳,本科,1-3年,蓝帆科技有限公司,50-150人,国企,1.4-1.9万/月,"spark, 数据挖掘, sql, 统计学, 机器学习",数据挖掘工程师岗位：与产品和运营协作，输出数据专题分析报告。核心技能：spark、数据挖掘、sql、统计学、机器学习。要求具备扎实的编程基础与数据敏感度，熟悉主流工具链，有良好的团队协作与文档习惯。,2026-06-14,https://job.example.com/42_00186
数据挖掘工程师,南京,硕士,1-3年,蓝合网络有限公司,少于50人,民营,15-18K,"sql, python, pandas, 数据挖掘, 统计学",数据挖掘工程师岗位：与产品和运营协作，输出数据专题分析报告。核心技能：sql、python、pandas、数据挖掘、统计学。要求具备扎实的编程基础与数据敏感度，熟悉主流工具链，有良好的团队协作与文档习惯。,2026-07-12,https://job.example.com/42_00187
数据挖掘工程师,上海,大专,在校/应届,蓝脉数据有限公司,少于50人,合资,1.0-1.4万/月,"数据挖掘, sql, pandas, python, spark",数据挖掘工程师岗位：负责核心算法的调研、实现与线上效果优化。核心技能：数据挖掘、sql、pandas、python、spark。要求具备扎实的编程基础与数据敏感度，熟悉主流工具链，有良好的团队协作与文档习惯。,2026-07-30,https://job.example.com/42_00188
Python开发工程师,广州,本科,经验不限,海图科技有限公司,2000人以上,上市公司,11-14K,"python, linux, django, flask, sql",Python开发工程师岗位：负责核心算法的调研、实现与线上效果优化。核心技能：python、linux、django、flask、sql。要求具备扎实的编程基础与数据敏感度，熟悉主流工具链，有良好的团队协作与文档习惯。,2026-06-26,https://job.example.com/42_00189
数据产品经理,广州,本科,5-10年,锐合软件有限公司,500-2000人,民营,20-25K,"sql, 数据可视化, 用户研究, 需求分析, 产品设计",数据产品经理岗位：参与数据模型设计与报表开发，支持业务决策。核心技能：sql、数据可视化、用户研究、需求分析、产品设计。要求具备扎实的编程基础与数据敏感度，熟悉主流工具链，有良好的团队协作与文档习惯。,2026-06-28,https://job.example.com/42_00190
数据挖掘工程师,杭州,本科,1-3年,启合智能有限公司,500-2000人,民营,薪资面议,"机器学习, python, pandas, spark, 数据挖掘",数据挖掘工程师岗位：负责核心算法的调研、实现与线上效果优化。核心技能：机器学习、python、pandas、spark、数据挖掘。要求具备扎实的编程基础与数据敏感度，熟悉主流工具链，有良好的团队协作与文档习惯。,2026-06-18,https://job.example.com/42_00191
BI工程师,深圳,大专,5-10年,锐脉软件有限公司,150-500人,上市公司,19-26K,"etl, tableau, sql, excel, powerbi",BI工程师岗位：与产品和运营协作，输出数据专题分析报告。核心技能：etl、tableau、sql、excel、powerbi。要求具备扎实的编程基础与数据敏感度，熟悉主流工具链，有良好的团队协作与文档习惯。,2026-06-04,https://job.example.com/42_00192
算法工程师,深圳,本科,5-10年,智创数据有限公司,50-150人,民营,19-26K·14薪,"数据结构, 机器学习, python, 深度学习, nlp",算法工程师岗位：负责核心算法的调研、实现与线上效果优化。核心技能：数据结构、机器学习、python、深度学习、nlp。要求具备扎实的编程基础与数据敏感度，熟悉主流工具链，有良好的团队协作与文档习惯。,2026-06-08,https://job.example.com/42_00193
机器学习工程师,武汉,本科,5-10年,锐途网络有限公司,2000人以上,上市公司,面议,"机器学习, nlp, pytorch, 深度学习, tensorflow",机器学习工程师岗位：负责核心算法的调研、实现与线上效果优化。核心技能：机器学习、nlp、pytorch、深度学习、tensorflow。要求具备扎实的编程基础与数据敏感度，熟悉主流工具链，有良好的团队协作与文档习惯。,2026-08-03,https://job.example.com/42_00194
数据运营,杭州,本科,1-3年,锐合科技有限公司,150-500人,上市公司,14-22K·15薪,"excel, python, 数据分析, 用户增长, 数据可视化",数据运营岗位：负责业务数据的采集、清洗与指标体系搭建。核心技能：excel、python、数据分析、用户增长、数据可视化。要求具备扎实的编程基础与数据敏感度，熟悉主流工具链，有良好的团队协作与文档习惯。,2026-06-23,https://job.example.com/42_00195
算法工程师,北京,本科,在校/应届,云数软件有限公司,2000人以上,民营,14-19K,"推荐系统, nlp, 算法, python, 机器学习",算法工程师岗位：负责核心算法的调研、实现与线上效果优化。核心技能：推荐系统、nlp、算法、python、机器学习。要求具备扎实的编程基础与数据敏感度，熟悉主流工具链，有良好的团队协作与文档习惯。,2026-07-26,https://job.example.com/42_00196
数据产品经理,成都,本科,3-5年,蓝图网络有限公司,50-150人,国企,1.6-1.9万/月,"用户研究, excel, sql, 数据可视化, 产品设计",数据产品经理岗位：与产品和运营协作，输出数据专题分析报告。核心技能：用户研究、excel、sql、数据可视化、产品设计。要求具备扎实的编程基础与数据敏感度，熟悉主流工具链，有良好的团队协作与文档习惯。,2026-06-24,https://job.example.com/42_00197
ETL工程师,成都,学历不限,3-5年,蓝图科技有限公司,50-150人,外资,1.2-1.6万/月,"etl, linux, 数据仓库, sql, python",ETL工程师岗位：参与数据模型设计与报表开发，支持业务决策。核心技能：etl、linux、数据仓库、sql、python。要求具备扎实的编程基础与数据敏感度，熟悉主流工具链，有良好的团队协作与文档习惯。,2026-08-30,https://job.example.com/42_00198
算法工程师,南京,本科,1-3年,海途科技有限公司,500-2000人,合资,1.2-2.1万/月,"算法, 数据结构, python, 机器学习, nlp",算法工程师岗位：负责业务数据的采集、清洗与指标体系搭建。核心技能：算法、数据结构、python、机器学习、nlp。要求具备扎实的编程基础与数据敏感度，熟悉主流工具链，有良好的团队协作与文档习惯。,2026-08-03,https://job.example.com/42_00199
BI工程师,成都,硕士,1-3年,智脉科技有限公司,150-500人,民营,14-18K,"sql, 数据可视化, tableau, excel, etl",BI工程师岗位：负责业务数据的采集、清洗与指标体系搭建。核心技能：sql、数据可视化、tableau、excel、etl。要求具备扎实的编程基础与数据敏感度，熟悉主流工具链，有良好的团队协作与文档习惯。,2026-06-22,https://job.example.com/42_00200
BI工程师,广州,大专,经验不限,启图数据有限公司,2000人以上,合资,9-17K,"etl, sql, powerbi, 数据可视化, tableau",BI工程师岗位：负责业务数据的采集、清洗与指标体系搭建。核心技能：etl、sql、powerbi、数据可视化、tableau。要求具备扎实的编程基础与数据敏感度，熟悉主流工具链，有良好的团队协作与文档习惯。,2026-06-25,https://job.example.com/42_00201
BI工程师,杭州,大专,1-3年,锐脉软件有限公司,50-150人,民营,14-18K,"powerbi, tableau, sql, 数据可视化, etl",BI工程师岗位：参与数据平台建设，保障数据质量与时效性。核心技能：powerbi、tableau、sql、数据可视化、etl。要求具备扎实的编程基础与数据敏感度，熟悉主流工具链，有良好的团队协作与文档习惯。,2026-08-24,https://job.example.com/42_00202
ETL工程师,南京,本科,经验不限,智途网络有限公司,500-2000人,合资,11-15K·15薪,"sql, etl, linux, hive, python",ETL工程师岗位：与产品和运营协作，输出数据专题分析报告。核心技能：sql、etl、linux、hive、python。要求具备扎实的编程基础与数据敏感度，熟悉主流工具链，有良好的团队协作与文档习惯。,2026-08-09,https://job.example.com/42_00203
BI工程师,广州,本科,1-3年,启数数据有限公司,150-500人,上市公司,面议,"powerbi, tableau, 数据可视化, sql, etl",BI工程师岗位：与产品和运营协作，输出数据专题分析报告。核心技能：powerbi、tableau、数据可视化、sql、etl。要求具备扎实的编程基础与数据敏感度，熟悉主流工具链，有良好的团队协作与文档习惯。,2026-06-11,https://job.example.com/42_00204
算法工程师,武汉,学历不限,3-5年,锐图软件有限公司,2000人以上,国企,11-20K·16薪,"算法, 推荐系统, python, 深度学习, 机器学习",算法工程师岗位：与产品和运营协作，输出数据专题分析报告。核心技能：算法、推荐系统、python、深度学习、机器学习。要求具备扎实的编程基础与数据敏感度，熟悉主流工具链，有良好的团队协作与文档习惯。,2026-06-05,https://job.example.com/42_00205
数据运营,广州,本科,5-10年,云合科技有限公司,500-2000人,国企,1.8-2.5万/月,"用户增长, sql, 数据分析, excel, 数据可视化",数据运营岗位：参与数据模型设计与报表开发，支持业务决策。核心技能：用户增长、sql、数据分析、excel、数据可视化。要求具备扎实的编程基础与数据敏感度，熟悉主流工具链，有良好的团队协作与文档习惯。,2026-07-11,https://job.example.com/42_00206
Python开发工程师,上海,硕士,3-5年,智途智能有限公司,2000人以上,上市公司,1.8-2.7万/月,"sql, flask, docker, django, 爬虫",Python开发工程师岗位：与产品和运营协作，输出数据专题分析报告。核心技能：sql、flask、docker、django、爬虫。要求具备扎实的编程基础与数据敏感度，熟悉主流工具链，有良好的团队协作与文档习惯。,2026-06-20,https://job.example.com/42_00207
数据挖掘工程师,上海,本科,3-5年,启图软件有限公司,2000人以上,上市公司,17-24K·13薪,"spark, python, 数据挖掘, pandas, 机器学习",数据挖掘工程师岗位：负责核心算法的调研、实现与线上效果优化。核心技能：spark、python、数据挖掘、pandas、机器学习。要求具备扎实的编程基础与数据敏感度，熟悉主流工具链，有良好的团队协作与文档习惯。,2026-06-19,https://job.example.com/42_00208
ETL工程师,武汉,本科,1-3年,蓝数科技有限公司,150-500人,外资,14-18K·16薪,"hive, linux, etl, sql, python",ETL工程师岗位：与产品和运营协作，输出数据专题分析报告。核心技能：hive、linux、etl、sql、python。要求具备扎实的编程基础与数据敏感度，熟悉主流工具链，有良好的团队协作与文档习惯。,2026-06-30,https://job.example.com/42_00209
数据挖掘工程师,杭州,大专,1-3年,星合数据有限公司,500-2000人,合资,1.4-1.7万/月,"spark, 数据挖掘, 统计学, sql, pandas",数据挖掘工程师岗位：负责业务数据的采集、清洗与指标体系搭建。核心技能：spark、数据挖掘、统计学、sql、pandas。要求具备扎实的编程基础与数据敏感度，熟悉主流工具链，有良好的团队协作与文档习惯。,2026-08-05,https://job.example.com/42_00210
数据挖掘工程师,上海,本科,3-5年,智帆科技有限公司,50-150人,民营,18-24K,"pandas, sql, 机器学习, python, 统计学",数据挖掘工程师岗位：参与数据模型设计与报表开发，支持业务决策。核心技能：pandas、sql、机器学习、python、统计学。要求具备扎实的编程基础与数据敏感度，熟悉主流工具链，有良好的团队协作与文档习惯。,2026-07-18,https://job.example.com/42_00211
数据产品经理,武汉,大专,经验不限,启帆软件有限公司,2000人以上,上市公司,8-15K·15薪,"excel, 数据可视化, 需求分析, 产品设计, sql",数据产品经理岗位：参与数据平台建设，保障数据质量与时效性。核心技能：excel、数据可视化、需求分析、产品设计、sql。要求具备扎实的编程基础与数据敏感度，熟悉主流工具链，有良好的团队协作与文档习惯。,2026-08-28,https://job.example.com/42_00212
Python开发工程师,杭州,本科,1-3年,海帆网络有限公司,500-2000人,上市公司,面议,"python, linux, flask, django, 爬虫",Python开发工程师岗位：参与数据模型设计与报表开发，支持业务决策。核心技能：python、linux、flask、django、爬虫。要求具备扎实的编程基础与数据敏感度，熟悉主流工具链，有良好的团队协作与文档习惯。,2026-07-31,https://job.example.com/42_00213
数据挖掘工程师,广州,硕士,5-10年,启合网络有限公司,500-2000人,外资,21-30K·14薪,"python, 机器学习, 数据挖掘, pandas, sql",数据挖掘工程师岗位：负责核心算法的调研、实现与线上效果优化。核心技能：python、机器学习、数据挖掘、pandas、sql。要求具备扎实的编程基础与数据敏感度，熟悉主流工具链，有良好的团队协作与文档习惯。,2026-06-14,https://job.example.com/42_00214
数据分析师,成都,硕士,3-5年,启途网络有限公司,150-500人,外资,1.8-2.5万/月,"数据可视化, 统计学, pandas, excel, numpy",数据分析师岗位：负责业务数据的采集、清洗与指标体系搭建。核心技能：数据可视化、统计学、pandas、excel、numpy。要求具备扎实的编程基础与数据敏感度，熟悉主流工具链，有良好的团队协作与文档习惯。,2026-06-25,https://job.example.com/42_00215
数据挖掘工程师,深圳,本科,5-10年,海途软件有限公司,150-500人,外资,2.1-3.0万/月,"spark, pandas, sql, 数据挖掘, 统计学",数据挖掘工程师岗位：参与数据模型设计与报表开发，支持业务决策。核心技能：spark、pandas、sql、数据挖掘、统计学。要求具备扎实的编程基础与数据敏感度，熟悉主流工具链，有良好的团队协作与文档习惯。,2026-06-05,https://job.example.com/42_00216
ETL工程师,深圳,本科,3-5年,锐数数据有限公司,2000人以上,国企,19-24K·15薪,"linux, etl, 数据仓库, spark, hive",ETL工程师岗位：负责核心算法的调研、实现与线上效果优化。核心技能：linux、etl、数据仓库、spark、hive。要求具备扎实的编程基础与数据敏感度，熟悉主流工具链，有良好的团队协作与文档习惯。,2026-07-04,https://job.example.com/42_00217
数据运营,广州,大专,1-3年,启脉网络有限公司,150-500人,外资,14-18K·13薪,"python, excel, sql, 用户增长, 数据分析",数据运营岗位：负责核心算法的调研、实现与线上效果优化。核心技能：python、excel、sql、用户增长、数据分析。要求具备扎实的编程基础与数据敏感度，熟悉主流工具链，有良好的团队协作与文档习惯。,2026-06-07,https://job.example.com/42_00218
ETL工程师,上海,硕士,在校/应届,智脉数据有限公司,50-150人,国企,16-21K,"数据仓库, sql, spark, hive, etl",ETL工程师岗位：负责业务数据的采集、清洗与指标体系搭建。核心技能：数据仓库、sql、spark、hive、etl。要求具备扎实的编程基础与数据敏感度，熟悉主流工具链，有良好的团队协作与文档习惯。,2026-06-24,https://job.example.com/42_00219
Python开发工程师,南京,本科,3-5年,星脉数据有限公司,2000人以上,国企,13-18K·14薪,"linux, docker, python, flask, 爬虫",Python开发工程师岗位：负责核心算法的调研、实现与线上效果优化。核心技能：linux、docker、python、flask、爬虫。要求具备扎实的编程基础与数据敏感度，熟悉主流工具链，有良好的团队协作与文档习惯。,2026-07-26,https://job.example.com/42_00220
BI工程师,武汉,硕士,1-3年,云数智能有限公司,50-150人,民营,1.4-2.0万/月,"数据可视化, sql, etl, powerbi, excel",BI工程师岗位：负责核心算法的调研、实现与线上效果优化。核心技能：数据可视化、sql、etl、powerbi、excel。要求具备扎实的编程基础与数据敏感度，熟悉主流工具链，有良好的团队协作与文档习惯。,2026-08-28,https://job.example.com/42_00221
算法工程师,杭州,本科,经验不限,智途网络有限公司,150-500人,合资,1.4-2.3万/月,"深度学习, 推荐系统, nlp, 机器学习, python",算法工程师岗位：负责业务数据的采集、清洗与指标体系搭建。核心技能：深度学习、推荐系统、nlp、机器学习、python。要求具备扎实的编程基础与数据敏感度，熟悉主流工具链，有良好的团队协作与文档习惯。,2026-08-27,https://job.example.com/42_00222
数据挖掘工程师,成都,硕士,1-3年,星图数据有限公司,50-150人,民营,14-18K,"spark, 机器学习, 统计学, sql, python",数据挖掘工程师岗位：参与数据模型设计与报表开发，支持业务决策。核心技能：spark、机器学习、统计学、sql、python。要求具备扎实的编程基础与数据敏感度，熟悉主流工具链，有良好的团队协作与文档习惯。,2026-08-23,https://job.example.com/42_00223
数据分析师,武汉,大专,1-3年,海途科技有限公司,少于50人,民营,12-16K·14薪,"统计学, 数据可视化, excel, python, pandas",数据分析师岗位：负责业务数据的采集、清洗与指标体系搭建。核心技能：统计学、数据可视化、excel、python、pandas。要求具备扎实的编程基础与数据敏感度，熟悉主流工具链，有良好的团队协作与文档习惯。,2026-07-03,https://job.example.com/42_00224
数据产品经理,广州,本科,3-5年,蓝创智能有限公司,50-150人,合资,1.5-1.9万/月,"excel, 数据可视化, sql, 需求分析, 用户研究",数据产品经理岗位：参与数据平台建设，保障数据质量与时效性。核心技能：excel、数据可视化、sql、需求分析、用户研究。要求具备扎实的编程基础与数据敏感度，熟悉主流工具链，有良好的团队协作与文档习惯。,2026-07-07,https://job.example.com/42_00225
Python开发工程师,上海,硕士,在校/应届,蓝帆科技有限公司,2000人以上,合资,1.6-2.4万/月,"flask, linux, docker, django, sql",Python开发工程师岗位：与产品和运营协作，输出数据专题分析报告。核心技能：flask、linux、docker、django、sql。要求具备扎实的编程基础与数据敏感度，熟悉主流工具链，有良好的团队协作与文档习惯。,2026-07-01,https://job.example.com/42_00226
数据分析师,北京,大专,经验不限,云图科技有限公司,150-500人,国企,12-19K·13薪,"python, 数据可视化, numpy, sql, 统计学",数据分析师岗位：参与数据平台建设，保障数据质量与时效性。核心技能：python、数据可视化、numpy、sql、统计学。要求具备扎实的编程基础与数据敏感度，熟悉主流工具链，有良好的团队协作与文档习惯。,2026-06-07,https://job.example.com/42_00227
Python开发工程师,广州,学历不限,经验不限,云脉科技有限公司,少于50人,国企,1.0-1.8万/月,"爬虫, docker, django, flask, linux",Python开发工程师岗位：负责业务数据的采集、清洗与指标体系搭建。核心技能：爬虫、docker、django、flask、linux。要求具备扎实的编程基础与数据敏感度，熟悉主流工具链，有良好的团队协作与文档习惯。,2026-07-16,https://job.example.com/42_00228
数据产品经理,杭州,大专,经验不限,启数软件有限公司,500-2000人,合资,10-14K,"sql, excel, 需求分析, 数据可视化, 产品设计",数据产品经理岗位：与产品和运营协作，输出数据专题分析报告。核心技能：sql、excel、需求分析、数据可视化、产品设计。要求具备扎实的编程基础与数据敏感度，熟悉主流工具链，有良好的团队协作与文档习惯。,2026-08-29,https://job.example.com/42_00229
数据分析师,广州,本科,1-3年,启脉网络有限公司,2000人以上,民营,1.4-2.4万/月,"数据可视化, numpy, 统计学, excel, python",数据分析师岗位：参与数据平台建设，保障数据质量与时效性。核心技能：数据可视化、numpy、统计学、excel、python。要求具备扎实的编程基础与数据敏感度，熟悉主流工具链，有良好的团队协作与文档习惯。,2026-08-02,https://job.example.com/42_00230
Python开发工程师,武汉,硕士,经验不限,智图智能有限公司,2000人以上,国企,1.3-1.7万/月,"python, docker, django, 爬虫, flask",Python开发工程师岗位：参与数据平台建设，保障数据质量与时效性。核心技能：python、docker、django、爬虫、flask。要求具备扎实的编程基础与数据敏感度，熟悉主流工具链，有良好的团队协作与文档习惯。,2026-07-26,https://job.example.com/42_00231
机器学习工程师,南京,本科,3-5年,海帆智能有限公司,500-2000人,合资,1.3-2.3万/月,"nlp, tensorflow, 机器学习, 深度学习, python",机器学习工程师岗位：负责业务数据的采集、清洗与指标体系搭建。核心技能：nlp、tensorflow、机器学习、深度学习、python。要求具备扎实的编程基础与数据敏感度，熟悉主流工具链，有良好的团队协作与文档习惯。,2026-07-12,https://job.example.com/42_00232
机器学习工程师,成都,本科,经验不限,启合智能有限公司,500-2000人,民营,1.2-2.0万/月,"pytorch, 机器学习, tensorflow, nlp, python",机器学习工程师岗位：负责业务数据的采集、清洗与指标体系搭建。核心技能：pytorch、机器学习、tensorflow、nlp、python。要求具备扎实的编程基础与数据敏感度，熟悉主流工具链，有良好的团队协作与文档习惯。,2026-06-16,https://job.example.com/42_00233
数据产品经理,北京,本科,1-3年,锐帆软件有限公司,150-500人,外资,1.6-2.6万/月,"产品设计, 数据可视化, 用户研究, excel, 需求分析",数据产品经理岗位：参与数据平台建设，保障数据质量与时效性。核心技能：产品设计、数据可视化、用户研究、excel、需求分析。要求具备扎实的编程基础与数据敏感度，熟悉主流工具链，有良好的团队协作与文档习惯。,2026-07-13,https://job.example.com/42_00234
数据运营,南京,大专,3-5年,蓝数网络有限公司,2000人以上,上市公司,11-14K,"数据可视化, 用户增长, excel, 数据分析, python",数据运营岗位：负责业务数据的采集、清洗与指标体系搭建。核心技能：数据可视化、用户增长、excel、数据分析、python。要求具备扎实的编程基础与数据敏感度，熟悉主流工具链，有良好的团队协作与文档习惯。,2026-08-03,https://job.example.com/42_00235
数据挖掘工程师,武汉,本科,1-3年,启脉数据有限公司,150-500人,民营,1.1-1.5万/月,"pandas, 机器学习, 统计学, python, spark",数据挖掘工程师岗位：参与数据模型设计与报表开发，支持业务决策。核心技能：pandas、机器学习、统计学、python、spark。要求具备扎实的编程基础与数据敏感度，熟悉主流工具链，有良好的团队协作与文档习惯。,2026-07-28,https://job.example.com/42_00236
数据产品经理,广州,硕士,经验不限,智帆智能有限公司,50-150人,国企,薪资面议,"用户研究, 数据可视化, 产品设计, sql, 需求分析",数据产品经理岗位：参与数据平台建设，保障数据质量与时效性。核心技能：用户研究、数据可视化、产品设计、sql、需求分析。要求具备扎实的编程基础与数据敏感度，熟悉主流工具链，有良好的团队协作与文档习惯。,2026-08-04,https://job.example.com/42_00237
BI工程师,武汉,硕士,3-5年,智帆数据有限公司,500-2000人,上市公司,1.7-2.5万/月,"tableau, powerbi, 数据可视化, excel, etl",BI工程师岗位：与产品和运营协作，输出数据专题分析报告。核心技能：tableau、powerbi、数据可视化、excel、etl。要求具备扎实的编程基础与数据敏感度，熟悉主流工具链，有良好的团队协作与文档习惯。,2026-08-10,https://job.example.com/42_00238
机器学习工程师,深圳,本科,3-5年,锐创网络有限公司,少于50人,外资,19-26K·16薪,"nlp, 深度学习, pytorch, tensorflow, python",机器学习工程师岗位：参与数据模型设计与报表开发，支持业务决策。核心技能：nlp、深度学习、pytorch、tensorflow、python。要求具备扎实的编程基础与数据敏感度，熟悉主流工具链，有良好的团队协作与文档习惯。,2026-07-25,https://job.example.com/42_00239
数据分析师,上海,本科,1-3年,蓝图网络有限公司,50-150人,民营,1.6-2.2万/月,"sql, python, excel, 统计学, numpy",数据分析师岗位：参与数据模型设计与报表开发，支持业务决策。核心技能：sql、python、excel、统计学、numpy。要求具备扎实的编程基础与数据敏感度，熟悉主流工具链，有良好的团队协作与文档习惯。,2026-08-09,https://job.example.com/42_00240
数据分析师,成都,学历不限,1-3年,启帆智能有限公司,150-500人,民营,1.2-2.1万/月,"python, 数据可视化, excel, sql, pandas",数据分析师岗位：参与数据平台建设，保障数据质量与时效性。核心技能：python、数据可视化、excel、sql、pandas。要求具备扎实的编程基础与数据敏感度，熟悉主流工具链，有良好的团队协作与文档习惯。,2026-08-27,https://job.example.com/42_00241
算法工程师,北京,本科,3-5年,智创智能有限公司,2000人以上,国企,1.8-2.5万/月,"机器学习, 算法, 推荐系统, 深度学习, python",算法工程师岗位：负责核心算法的调研、实现与线上效果优化。核心技能：机器学习、算法、推荐系统、深度学习、python。要求具备扎实的编程基础与数据敏感度，熟悉主流工具链，有良好的团队协作与文档习惯。,2026-07-28,https://job.example.com/42_00242
数据挖掘工程师,上海,本科,在校/应届,蓝创网络有限公司,50-150人,国企,13-16K,"统计学, pandas, python, sql, spark",数据挖掘工程师岗位：与产品和运营协作，输出数据专题分析报告。核心技能：统计学、pandas、python、sql、spark。要求具备扎实的编程基础与数据敏感度，熟悉主流工具链，有良好的团队协作与文档习惯。,2026-07-30,https://job.example.com/42_00243
数据挖掘工程师,北京,本科,1-3年,锐数科技有限公司,150-500人,上市公司,16-20K·16薪,"pandas, python, spark, 数据挖掘, 机器学习",数据挖掘工程师岗位：参与数据平台建设，保障数据质量与时效性。核心技能：pandas、python、spark、数据挖掘、机器学习。要求具备扎实的编程基础与数据敏感度，熟悉主流工具链，有良好的团队协作与文档习惯。,2026-08-04,https://job.example.com/42_00244
数据挖掘工程师,武汉,硕士,3-5年,蓝数网络有限公司,50-150人,上市公司,15-19K·15薪,"sql, python, 数据挖掘, 机器学习, 统计学",数据挖掘工程师岗位：负责核心算法的调研、实现与线上效果优化。核心技能：sql、python、数据挖掘、机器学习、统计学。要求具备扎实的编程基础与数据敏感度，熟悉主流工具链，有良好的团队协作与文档习惯。,2026-07-15,https://job.example.com/42_00245
数据产品经理,深圳,大专,3-5年,智途软件有限公司,150-500人,上市公司,1.4-2.2万/月,"用户研究, 需求分析, 数据可视化, sql, excel",数据产品经理岗位：与产品和运营协作，输出数据专题分析报告。核心技能：用户研究、需求分析、数据可视化、sql、excel。要求具备扎实的编程基础与数据敏感度，熟悉主流工具链，有良好的团队协作与文档习惯。,2026-08-05,https://job.example.com/42_00246
数据运营,南京,硕士,经验不限,星脉智能有限公司,2000人以上,民营,12-18K·16薪,"数据可视化, sql, python, 用户增长, excel",数据运营岗位：负责业务数据的采集、清洗与指标体系搭建。核心技能：数据可视化、sql、python、用户增长、excel。要求具备扎实的编程基础与数据敏感度，熟悉主流工具链，有良好的团队协作与文档习惯。,2026-08-27,https://job.example.com/42_00247
BI工程师,上海,本科,3-5年,启图网络有限公司,少于50人,民营,面议,"excel, 数据可视化, sql, powerbi, etl",BI工程师岗位：负责业务数据的采集、清洗与指标体系搭建。核心技能：excel、数据可视化、sql、powerbi、etl。要求具备扎实的编程基础与数据敏感度，熟悉主流工具链，有良好的团队协作与文档习惯。,2026-07-03,https://job.example.com/42_00248
数据运营,上海,硕士,5-10年,启数科技有限公司,500-2000人,民营,20-23K·15薪,"sql, 数据可视化, 用户增长, python, 数据分析",数据运营岗位：与产品和运营协作，输出数据专题分析报告。核心技能：sql、数据可视化、用户增长、python、数据分析。要求具备扎实的编程基础与数据敏感度，熟悉主流工具链，有良好的团队协作与文档习惯。,2026-06-10,https://job.example.com/42_00249
算法工程师,上海,本科,5-10年,启合科技有限公司,500-2000人,国企,19-28K·16薪,"nlp, 机器学习, 推荐系统, python, 算法",算法工程师岗位：与产品和运营协作，输出数据专题分析报告。核心技能：nlp、机器学习、推荐系统、python、算法。要求具备扎实的编程基础与数据敏感度，熟悉主流工具链，有良好的团队协作与文档习惯。,2026-08-09,https://job.example.com/42_00250
大数据开发工程师,广州,本科,3-5年,星途科技有限公司,少于50人,上市公司,15-22K,"sql, linux, hadoop, java, hive",大数据开发工程师岗位：参与数据平台建设，保障数据质量与时效性。核心技能：sql、linux、hadoop、java、hive。要求具备扎实的编程基础与数据敏感度，熟悉主流工具链，有良好的团队协作与文档习惯。,2026-07-15,https://job.example.com/42_00251
机器学习工程师,武汉,大专,5-10年,智数数据有限公司,少于50人,国企,1.3-2.3万/月,"pytorch, 机器学习, nlp, python, 深度学习",机器学习工程师岗位：参与数据平台建设，保障数据质量与时效性。核心技能：pytorch、机器学习、nlp、python、深度学习。要求具备扎实的编程基础与数据敏感度，熟悉主流工具链，有良好的团队协作与文档习惯。,2026-08-22,https://job.example.com/42_00252
数据运营,上海,本科,3-5年,蓝帆数据有限公司,少于50人,外资,17-25K·13薪,"excel, 数据可视化, python, 用户增长, sql",数据运营岗位：负责核心算法的调研、实现与线上效果优化。核心技能：excel、数据可视化、python、用户增长、sql。要求具备扎实的编程基础与数据敏感度，熟悉主流工具链，有良好的团队协作与文档习惯。,2026-07-28,https://job.example.com/42_00253
算法工程师,杭州,大专,3-5年,星途网络有限公司,50-150人,国企,1.6-2.3万/月,"算法, 推荐系统, nlp, 机器学习, 数据结构",算法工程师岗位：与产品和运营协作，输出数据专题分析报告。核心技能：算法、推荐系统、nlp、机器学习、数据结构。要求具备扎实的编程基础与数据敏感度，熟悉主流工具链，有良好的团队协作与文档习惯。,2026-07-17,https://job.example.com/42_00254
数据挖掘工程师,成都,硕士,1-3年,星图智能有限公司,少于50人,外资,1.4-2.0万/月,"sql, 数据挖掘, 统计学, spark, pandas",数据挖掘工程师岗位：负责业务数据的采集、清洗与指标体系搭建。核心技能：sql、数据挖掘、统计学、spark、pandas。要求具备扎实的编程基础与数据敏感度，熟悉主流工具链，有良好的团队协作与文档习惯。,2026-07-04,https://job.example.com/42_00255
Python开发工程师,上海,本科,5-10年,云创网络有限公司,2000人以上,上市公司,19-27K·13薪,"flask, django, python, sql, docker",Python开发工程师岗位：参与数据模型设计与报表开发，支持业务决策。核心技能：flask、django、python、sql、docker。要求具备扎实的编程基础与数据敏感度，熟悉主流工具链，有良好的团队协作与文档习惯。,2026-06-29,https://job.example.com/42_00256
ETL工程师,杭州,本科,1-3年,云图数据有限公司,2000人以上,国企,1.4-2.4万/月,"数据仓库, python, sql, spark, etl",ETL工程师岗位：参与数据平台建设，保障数据质量与时效性。核心技能：数据仓库、python、sql、spark、etl。要求具备扎实的编程基础与数据敏感度，熟悉主流工具链，有良好的团队协作与文档习惯。,2026-06-21,https://job.example.com/42_00257
数据挖掘工程师,广州,大专,3-5年,云数网络有限公司,50-150人,民营,1.5-2.4万/月,"sql, 数据挖掘, python, 机器学习, spark",数据挖掘工程师岗位：参与数据模型设计与报表开发，支持业务决策。核心技能：sql、数据挖掘、python、机器学习、spark。要求具备扎实的编程基础与数据敏感度，熟悉主流工具链，有良好的团队协作与文档习惯。,2026-07-31,https://job.example.com/42_00258
数据产品经理,北京,本科,3-5年,锐创数据有限公司,500-2000人,合资,16-23K·13薪,"sql, 数据可视化, excel, 产品设计, 需求分析",数据产品经理岗位：参与数据平台建设，保障数据质量与时效性。核心技能：sql、数据可视化、excel、产品设计、需求分析。要求具备扎实的编程基础与数据敏感度，熟悉主流工具链，有良好的团队协作与文档习惯。,2026-06-29,https://job.example.com/42_00259
数据运营,武汉,本科,5-10年,星合数据有限公司,50-150人,民营,17-23K,"数据可视化, 用户增长, 数据分析, python, excel",数据运营岗位：参与数据平台建设，保障数据质量与时效性。核心技能：数据可视化、用户增长、数据分析、python、excel。要求具备扎实的编程基础与数据敏感度，熟悉主流工具链，有良好的团队协作与文档习惯。,2026-06-24,https://job.example.com/42_00260
数据挖掘工程师,成都,硕士,3-5年,启图软件有限公司,500-2000人,国企,18-21K,"spark, python, 机器学习, sql, pandas",数据挖掘工程师岗位：负责业务数据的采集、清洗与指标体系搭建。核心技能：spark、python、机器学习、sql、pandas。要求具备扎实的编程基础与数据敏感度，熟悉主流工具链，有良好的团队协作与文档习惯。,2026-06-06,https://job.example.com/42_00261
数据挖掘工程师,广州,本科,3-5年,蓝帆智能有限公司,500-2000人,上市公司,1.5-2.2万/月,"pandas, python, spark, 机器学习, 统计学",数据挖掘工程师岗位：参与数据模型设计与报表开发，支持业务决策。核心技能：pandas、python、spark、机器学习、统计学。要求具备扎实的编程基础与数据敏感度，熟悉主流工具链，有良好的团队协作与文档习惯。,2026-06-11,https://job.example.com/42_00262
机器学习工程师,南京,硕士,1-3年,智脉数据有限公司,2000人以上,上市公司,15-25K·14薪,"tensorflow, 机器学习, pytorch, nlp, python",机器学习工程师岗位：参与数据平台建设，保障数据质量与时效性。核心技能：tensorflow、机器学习、pytorch、nlp、python。要求具备扎实的编程基础与数据敏感度，熟悉主流工具链，有良好的团队协作与文档习惯。,2026-08-15,https://job.example.com/42_00263
Python开发工程师,深圳,硕士,1-3年,海合数据有限公司,2000人以上,民营,16-20K,"linux, python, django, 爬虫, docker",Python开发工程师岗位：参与数据平台建设，保障数据质量与时效性。核心技能：linux、python、django、爬虫、docker。要求具备扎实的编程基础与数据敏感度，熟悉主流工具链，有良好的团队协作与文档习惯。,2026-08-01,https://job.example.com/42_00264
数据挖掘工程师,北京,学历不限,3-5年,海创软件有限公司,50-150人,合资,1.8-2.6万/月,"统计学, sql, pandas, spark, 机器学习",数据挖掘工程师岗位：负责业务数据的采集、清洗与指标体系搭建。核心技能：统计学、sql、pandas、spark、机器学习。要求具备扎实的编程基础与数据敏感度，熟悉主流工具链，有良好的团队协作与文档习惯。,2026-08-15,https://job.example.com/42_00265
ETL工程师,上海,硕士,在校/应届,锐合网络有限公司,50-150人,民营,1.3-1.7万/月,"hive, spark, etl, sql, 数据仓库",ETL工程师岗位：参与数据平台建设，保障数据质量与时效性。核心技能：hive、spark、etl、sql、数据仓库。要求具备扎实的编程基础与数据敏感度，熟悉主流工具链，有良好的团队协作与文档习惯。,2026-08-06,https://job.example.com/42_00266
数据分析师,武汉,大专,在校/应届,启图智能有限公司,150-500人,外资,0.9-1.7万/月,"excel, pandas, numpy, 统计学, python",数据分析师岗位：参与数据模型设计与报表开发，支持业务决策。核心技能：excel、pandas、numpy、统计学、python。要求具备扎实的编程基础与数据敏感度，熟悉主流工具链，有良好的团队协作与文档习惯。,2026-08-18,https://job.example.com/42_00267
大数据开发工程师,武汉,学历不限,在校/应届,锐创软件有限公司,150-500人,外资,9-14K·16薪,"flink, hive, linux, sql, java",大数据开发工程师岗位：负责核心算法的调研、实现与线上效果优化。核心技能：flink、hive、linux、sql、java。要求具备扎实的编程基础与数据敏感度，熟悉主流工具链，有良好的团队协作与文档习惯。,2026-08-24,https://job.example.com/42_00268
Python开发工程师,深圳,硕士,5-10年,智数智能有限公司,2000人以上,民营,20-24K·16薪,"django, linux, python, 爬虫, docker",Python开发工程师岗位：与产品和运营协作，输出数据专题分析报告。核心技能：django、linux、python、爬虫、docker。要求具备扎实的编程基础与数据敏感度，熟悉主流工具链，有良好的团队协作与文档习惯。,2026-06-19,https://job.example.com/42_00269
数据产品经理,武汉,本科,经验不限,启创智能有限公司,150-500人,上市公司,面议,"sql, 需求分析, excel, 数据可视化, 产品设计",数据产品经理岗位：与产品和运营协作，输出数据专题分析报告。核心技能：sql、需求分析、excel、数据可视化、产品设计。要求具备扎实的编程基础与数据敏感度，熟悉主流工具链，有良好的团队协作与文档习惯。,2026-08-21,https://job.example.com/42_00270
数据产品经理,南京,本科,在校/应届,锐创数据有限公司,2000人以上,国企,1.0-1.6万/月,"excel, 用户研究, sql, 数据可视化, 产品设计",数据产品经理岗位：参与数据平台建设，保障数据质量与时效性。核心技能：excel、用户研究、sql、数据可视化、产品设计。要求具备扎实的编程基础与数据敏感度，熟悉主流工具链，有良好的团队协作与文档习惯。,2026-08-23,https://job.example.com/42_00271
数据分析师,广州,本科,1-3年,星创科技有限公司,少于50人,民营,15-23K·16薪,"统计学, numpy, pandas, excel, sql",数据分析师岗位：参与数据平台建设，保障数据质量与时效性。核心技能：统计学、numpy、pandas、excel、sql。要求具备扎实的编程基础与数据敏感度，熟悉主流工具链，有良好的团队协作与文档习惯。,2026-07-06,https://job.example.com/42_00272
机器学习工程师,深圳,硕士,1-3年,云创科技有限公司,2000人以上,外资,16-23K·14薪,"pytorch, python, 深度学习, nlp, 机器学习",机器学习工程师岗位：参与数据平台建设，保障数据质量与时效性。核心技能：pytorch、python、深度学习、nlp、机器学习。要求具备扎实的编程基础与数据敏感度，熟悉主流工具链，有良好的团队协作与文档习惯。,2026-08-13,https://job.example.com/42_00273
大数据开发工程师,南京,硕士,3-5年,锐脉科技有限公司,500-2000人,民营,18-24K·15薪,"flink, spark, hadoop, sql, hive",大数据开发工程师岗位：与产品和运营协作，输出数据专题分析报告。核心技能：flink、spark、hadoop、sql、hive。要求具备扎实的编程基础与数据敏感度，熟悉主流工具链，有良好的团队协作与文档习惯。,2026-08-29,https://job.example.com/42_00274
机器学习工程师,成都,硕士,1-3年,蓝途软件有限公司,150-500人,民营,14-24K,"pytorch, nlp, python, 深度学习, 机器学习",机器学习工程师岗位：参与数据模型设计与报表开发，支持业务决策。核心技能：pytorch、nlp、python、深度学习、机器学习。要求具备扎实的编程基础与数据敏感度，熟悉主流工具链，有良好的团队协作与文档习惯。,2026-07-16,https://job.example.com/42_00275
机器学习工程师,杭州,本科,3-5年,海帆网络有限公司,50-150人,国企,16-24K,"nlp, 机器学习, tensorflow, 深度学习, python",机器学习工程师岗位：参与数据模型设计与报表开发，支持业务决策。核心技能：nlp、机器学习、tensorflow、深度学习、python。要求具备扎实的编程基础与数据敏感度，熟悉主流工具链，有良好的团队协作与文档习惯。,2026-06-14,https://job.example.com/42_00276
Python开发工程师,上海,大专,3-5年,锐数软件有限公司,2000人以上,外资,16-25K,"sql, flask, python, django, linux",Python开发工程师岗位：负责核心算法的调研、实现与线上效果优化。核心技能：sql、flask、python、django、linux。要求具备扎实的编程基础与数据敏感度，熟悉主流工具链，有良好的团队协作与文档习惯。,2026-08-13,https://job.example.com/42_00277
数据挖掘工程师,北京,硕士,5-10年,启脉数据有限公司,500-2000人,民营,2.4-3.2万/月,"sql, spark, pandas, python, 数据挖掘",数据挖掘工程师岗位：负责核心算法的调研、实现与线上效果优化。核心技能：sql、spark、pandas、python、数据挖掘。要求具备扎实的编程基础与数据敏感度，熟悉主流工具链，有良好的团队协作与文档习惯。,2026-08-28,https://job.example.com/42_00278
数据分析师,北京,大专,在校/应届,智数数据有限公司,2000人以上,外资,12-20K,"numpy, 数据可视化, python, pandas, sql",数据分析师岗位：参与数据平台建设，保障数据质量与时效性。核心技能：numpy、数据可视化、python、pandas、sql。要求具备扎实的编程基础与数据敏感度，熟悉主流工具链，有良好的团队协作与文档习惯。,2026-06-24,https://job.example.com/42_00279
数据产品经理,武汉,本科,1-3年,星创数据有限公司,2000人以上,国企,1.3-1.9万/月,"excel, sql, 用户研究, 需求分析, 产品设计",数据产品经理岗位：与产品和运营协作，输出数据专题分析报告。核心技能：excel、sql、用户研究、需求分析、产品设计。要求具备扎实的编程基础与数据敏感度，熟悉主流工具链，有良好的团队协作与文档习惯。,2026-08-11,https://job.example.com/42_00280
BI工程师,武汉,本科,在校/应届,启帆智能有限公司,2000人以上,外资,1.0-1.7万/月,"excel, tableau, 数据可视化, sql, powerbi",BI工程师岗位：与产品和运营协作，输出数据专题分析报告。核心技能：excel、tableau、数据可视化、sql、powerbi。要求具备扎实的编程基础与数据敏感度，熟悉主流工具链，有良好的团队协作与文档习惯。,2026-08-11,https://job.example.com/42_00281
ETL工程师,北京,硕士,经验不限,智图科技有限公司,500-2000人,外资,16-23K,"linux, etl, sql, python, spark",ETL工程师岗位：与产品和运营协作，输出数据专题分析报告。核心技能：linux、etl、sql、python、spark。要求具备扎实的编程基础与数据敏感度，熟悉主流工具链，有良好的团队协作与文档习惯。,2026-06-03,https://job.example.com/42_00282
BI工程师,上海,本科,5-10年,蓝数智能有限公司,500-2000人,合资,2.1-2.8万/月,"excel, etl, tableau, powerbi, sql",BI工程师岗位：负责核心算法的调研、实现与线上效果优化。核心技能：excel、etl、tableau、powerbi、sql。要求具备扎实的编程基础与数据敏感度，熟悉主流工具链，有良好的团队协作与文档习惯。,2026-07-30,https://job.example.com/42_00283
数据挖掘工程师,广州,大专,5-10年,星数数据有限公司,150-500人,外资,1.7-2.6万/月,"数据挖掘, sql, pandas, 统计学, python",数据挖掘工程师岗位：负责业务数据的采集、清洗与指标体系搭建。核心技能：数据挖掘、sql、pandas、统计学、python。要求具备扎实的编程基础与数据敏感度，熟悉主流工具链，有良好的团队协作与文档习惯。,2026-07-05,https://job.example.com/42_00284
数据产品经理,成都,大专,3-5年,星图数据有限公司,150-500人,民营,14-18K,"用户研究, 产品设计, excel, 数据可视化, sql",数据产品经理岗位：负责业务数据的采集、清洗与指标体系搭建。核心技能：用户研究、产品设计、excel、数据可视化、sql。要求具备扎实的编程基础与数据敏感度，熟悉主流工具链，有良好的团队协作与文档习惯。,2026-06-09,https://job.example.com/42_00285
数据产品经理,北京,本科,5-10年,星途软件有限公司,150-500人,国企,20-30K·15薪,"产品设计, 用户研究, 数据可视化, excel, 需求分析",数据产品经理岗位：参与数据平台建设，保障数据质量与时效性。核心技能：产品设计、用户研究、数据可视化、excel、需求分析。要求具备扎实的编程基础与数据敏感度，熟悉主流工具链，有良好的团队协作与文档习惯。,2026-06-17,https://job.example.com/42_00286
数据挖掘工程师,广州,本科,经验不限,蓝创软件有限公司,50-150人,上市公司,14-23K·14薪,"统计学, 数据挖掘, spark, sql, 机器学习",数据挖掘工程师岗位：参与数据平台建设，保障数据质量与时效性。核心技能：统计学、数据挖掘、spark、sql、机器学习。要求具备扎实的编程基础与数据敏感度，熟悉主流工具链，有良好的团队协作与文档习惯。,2026-08-21,https://job.example.com/42_00287
数据运营,杭州,本科,1-3年,启数数据有限公司,150-500人,民营,面议,"数据分析, sql, excel, python, 数据可视化",数据运营岗位：负责核心算法的调研、实现与线上效果优化。核心技能：数据分析、sql、excel、python、数据可视化。要求具备扎实的编程基础与数据敏感度，熟悉主流工具链，有良好的团队协作与文档习惯。,2026-07-15,https://job.example.com/42_00288
大数据开发工程师,南京,硕士,经验不限,智数智能有限公司,50-150人,民营,12-21K·14薪,"linux, flink, sql, hadoop, java",大数据开发工程师岗位：与产品和运营协作，输出数据专题分析报告。核心技能：linux、flink、sql、hadoop、java。要求具备扎实的编程基础与数据敏感度，熟悉主流工具链，有良好的团队协作与文档习惯。,2026-07-26,https://job.example.com/42_00289
BI工程师,深圳,本科,3-5年,启图数据有限公司,2000人以上,上市公司,1.8-2.5万/月,"excel, 数据可视化, etl, sql, tableau",BI工程师岗位：负责业务数据的采集、清洗与指标体系搭建。核心技能：excel、数据可视化、etl、sql、tableau。要求具备扎实的编程基础与数据敏感度，熟悉主流工具链，有良好的团队协作与文档习惯。,2026-08-23,https://job.example.com/42_00290
数据运营,杭州,硕士,在校/应届,锐合网络有限公司,2000人以上,合资,12-17K,"excel, sql, 数据分析, 用户增长, python",数据运营岗位：与产品和运营协作，输出数据专题分析报告。核心技能：excel、sql、数据分析、用户增长、python。要求具备扎实的编程基础与数据敏感度，熟悉主流工具链，有良好的团队协作与文档习惯。,2026-08-08,https://job.example.com/42_00291
数据分析师,广州,本科,1-3年,星途软件有限公司,50-150人,外资,16-24K·13薪,"pandas, sql, numpy, python, 数据可视化",数据分析师岗位：负责业务数据的采集、清洗与指标体系搭建。核心技能：pandas、sql、numpy、python、数据可视化。要求具备扎实的编程基础与数据敏感度，熟悉主流工具链，有良好的团队协作与文档习惯。,2026-08-29,https://job.example.com/42_00292
数据分析师,成都,本科,5-10年,锐合数据有限公司,50-150人,外资,1.6-2.0万/月,"统计学, sql, python, pandas, excel",数据分析师岗位：负责业务数据的采集、清洗与指标体系搭建。核心技能：统计学、sql、python、pandas、excel。要求具备扎实的编程基础与数据敏感度，熟悉主流工具链，有良好的团队协作与文档习惯。,2026-07-02,https://job.example.com/42_00293
BI工程师,南京,本科,3-5年,海帆软件有限公司,500-2000人,外资,1.4-1.7万/月,"sql, tableau, 数据可视化, powerbi, excel",BI工程师岗位：参与数据平台建设，保障数据质量与时效性。核心技能：sql、tableau、数据可视化、powerbi、excel。要求具备扎实的编程基础与数据敏感度，熟悉主流工具链，有良好的团队协作与文档习惯。,2026-08-10,https://job.example.com/42_00294
数据运营,上海,本科,1-3年,云帆软件有限公司,150-500人,民营,16-20K·13薪,"python, 数据可视化, sql, 用户增长, excel",数据运营岗位：参与数据模型设计与报表开发，支持业务决策。核心技能：python、数据可视化、sql、用户增长、excel。要求具备扎实的编程基础与数据敏感度，熟悉主流工具链，有良好的团队协作与文档习惯。,2026-07-02,https://job.example.com/42_00295
数据分析师,北京,硕士,5-10年,星帆软件有限公司,少于50人,上市公司,20-23K,"excel, numpy, 数据可视化, sql, 统计学",数据分析师岗位：负责业务数据的采集、清洗与指标体系搭建。核心技能：excel、numpy、数据可视化、sql、统计学。要求具备扎实的编程基础与数据敏感度，熟悉主流工具链，有良好的团队协作与文档习惯。,2026-08-22,https://job.example.com/42_00296
数据挖掘工程师,上海,本科,1-3年,云图软件有限公司,150-500人,国企,14-24K·15薪,"机器学习, 数据挖掘, pandas, 统计学, spark",数据挖掘工程师岗位：参与数据模型设计与报表开发，支持业务决策。核心技能：机器学习、数据挖掘、pandas、统计学、spark。要求具备扎实的编程基础与数据敏感度，熟悉主流工具链，有良好的团队协作与文档习惯。,2026-07-27,https://job.example.com/42_00297
数据运营,杭州,硕士,3-5年,海合网络有限公司,2000人以上,上市公司,18-28K,"用户增长, sql, 数据分析, 数据可视化, python",数据运营岗位：负责核心算法的调研、实现与线上效果优化。核心技能：用户增长、sql、数据分析、数据可视化、python。要求具备扎实的编程基础与数据敏感度，熟悉主流工具链，有良好的团队协作与文档习惯。,2026-07-04,https://job.example.com/42_00298
数据运营,成都,硕士,经验不限,锐脉网络有限公司,2000人以上,国企,12-21K,"python, 数据分析, 用户增长, 数据可视化, excel",数据运营岗位：负责业务数据的采集、清洗与指标体系搭建。核心技能：python、数据分析、用户增长、数据可视化、excel。要求具备扎实的编程基础与数据敏感度，熟悉主流工具链，有良好的团队协作与文档习惯。,2026-08-07,https://job.example.com/42_00299
数据产品经理,广州,硕士,1-3年,海途科技有限公司,50-150人,国企,1.6-2.0万/月,"sql, 产品设计, excel, 数据可视化, 用户研究",数据产品经理岗位：参与数据平台建设，保障数据质量与时效性。核心技能：sql、产品设计、excel、数据可视化、用户研究。要求具备扎实的编程基础与数据敏感度，熟悉主流工具链，有良好的团队协作与文档习惯。,2026-08-02,https://job.example.com/42_00300
机器学习工程师,上海,本科,3-5年,蓝帆智能有限公司,少于50人,民营,1.7-2.7万/月,"nlp, tensorflow, pytorch, 深度学习, 机器学习",机器学习工程师岗位：负责业务数据的采集、清洗与指标体系搭建。核心技能：nlp、tensorflow、pytorch、深度学习、机器学习。要求具备扎实的编程基础与数据敏感度，熟悉主流工具链，有良好的团队协作与文档习惯。,2026-06-11,https://job.example.com/42_00301
数据产品经理,北京,本科,3-5年,蓝创科技有限公司,少于50人,外资,面议,"excel, 产品设计, sql, 用户研究, 数据可视化",数据产品经理岗位：参与数据平台建设，保障数据质量与时效性。核心技能：excel、产品设计、sql、用户研究、数据可视化。要求具备扎实的编程基础与数据敏感度，熟悉主流工具链，有良好的团队协作与文档习惯。,2026-08-06,https://job.example.com/42_00302
Python开发工程师,上海,大专,在校/应届,锐图数据有限公司,2000人以上,上市公司,9-17K·15薪,"flask, sql, linux, 爬虫, docker",Python开发工程师岗位：参与数据模型设计与报表开发，支持业务决策。核心技能：flask、sql、linux、爬虫、docker。要求具备扎实的编程基础与数据敏感度，熟悉主流工具链，有良好的团队协作与文档习惯。,2026-07-29,https://job.example.com/42_00303
BI工程师,上海,本科,5-10年,锐创软件有限公司,150-500人,外资,20-28K·13薪,"tableau, etl, 数据可视化, powerbi, excel",BI工程师岗位：参与数据模型设计与报表开发，支持业务决策。核心技能：tableau、etl、数据可视化、powerbi、excel。要求具备扎实的编程基础与数据敏感度，熟悉主流工具链，有良好的团队协作与文档习惯。,2026-08-21,https://job.example.com/42_00304
BI工程师,成都,硕士,在校/应届,启合软件有限公司,少于50人,民营,1.0-1.5万/月,"etl, excel, tableau, 数据可视化, powerbi",BI工程师岗位：负责核心算法的调研、实现与线上效果优化。核心技能：etl、excel、tableau、数据可视化、powerbi。要求具备扎实的编程基础与数据敏感度，熟悉主流工具链，有良好的团队协作与文档习惯。,2026-07-09,https://job.example.com/42_00305
数据分析师,杭州,本科,在校/应届,锐创智能有限公司,50-150人,民营,薪资面议,"统计学, pandas, python, excel, numpy",数据分析师岗位：参与数据平台建设，保障数据质量与时效性。核心技能：统计学、pandas、python、excel、numpy。要求具备扎实的编程基础与数据敏感度，熟悉主流工具链，有良好的团队协作与文档习惯。,2026-06-20,https://job.example.com/42_00306
数据挖掘工程师,杭州,本科,3-5年,启创数据有限公司,少于50人,外资,1.6-2.6万/月,"机器学习, spark, 数据挖掘, pandas, python",数据挖掘工程师岗位：参与数据平台建设，保障数据质量与时效性。核心技能：机器学习、spark、数据挖掘、pandas、python。要求具备扎实的编程基础与数据敏感度，熟悉主流工具链，有良好的团队协作与文档习惯。,2026-08-28,https://job.example.com/42_00307
ETL工程师,上海,硕士,3-5年,智数网络有限公司,500-2000人,合资,1.8-2.4万/月,"hive, sql, 数据仓库, spark, linux",ETL工程师岗位：负责业务数据的采集、清洗与指标体系搭建。核心技能：hive、sql、数据仓库、spark、linux。要求具备扎实的编程基础与数据敏感度，熟悉主流工具链，有良好的团队协作与文档习惯。,2026-08-23,https://job.example.com/42_00308
ETL工程师,北京,大专,5-10年,蓝创智能有限公司,50-150人,外资,18-23K,"linux, spark, sql, hive, python",ETL工程师岗位：负责业务数据的采集、清洗与指标体系搭建。核心技能：linux、spark、sql、hive、python。要求具备扎实的编程基础与数据敏感度，熟悉主流工具链，有良好的团队协作与文档习惯。,2026-08-26,https://job.example.com/42_00309
BI工程师,南京,学历不限,3-5年,智合数据有限公司,50-150人,外资,面议,"etl, excel, sql, 数据可视化, tableau",BI工程师岗位：负责核心算法的调研、实现与线上效果优化。核心技能：etl、excel、sql、数据可视化、tableau。要求具备扎实的编程基础与数据敏感度，熟悉主流工具链，有良好的团队协作与文档习惯。,2026-08-10,https://job.example.com/42_00310
BI工程师,杭州,本科,1-3年,星合软件有限公司,2000人以上,国企,14-20K,"etl, 数据可视化, tableau, sql, excel",BI工程师岗位：参与数据平台建设，保障数据质量与时效性。核心技能：etl、数据可视化、tableau、sql、excel。要求具备扎实的编程基础与数据敏感度，熟悉主流工具链，有良好的团队协作与文档习惯。,2026-07-05,https://job.example.com/42_00311
BI工程师,成都,大专,3-5年,星数网络有限公司,2000人以上,民营,1.2-2.0万/月,"sql, excel, 数据可视化, tableau, powerbi",BI工程师岗位：负责核心算法的调研、实现与线上效果优化。核心技能：sql、excel、数据可视化、tableau、powerbi。要求具备扎实的编程基础与数据敏感度，熟悉主流工具链，有良好的团队协作与文档习惯。,2026-08-18,https://job.example.com/42_00312
数据产品经理,广州,硕士,经验不限,海途数据有限公司,2000人以上,国企,1.5-1.8万/月,"需求分析, excel, sql, 数据可视化, 产品设计",数据产品经理岗位：负责业务数据的采集、清洗与指标体系搭建。核心技能：需求分析、excel、sql、数据可视化、产品设计。要求具备扎实的编程基础与数据敏感度，熟悉主流工具链，有良好的团队协作与文档习惯。,2026-07-14,https://job.example.com/42_00313
Python开发工程师,杭州,硕士,1-3年,锐脉网络有限公司,2000人以上,合资,16-19K·13薪,"python, docker, linux, flask, 爬虫",Python开发工程师岗位：参与数据平台建设，保障数据质量与时效性。核心技能：python、docker、linux、flask、爬虫。要求具备扎实的编程基础与数据敏感度，熟悉主流工具链，有良好的团队协作与文档习惯。,2026-08-14,https://job.example.com/42_00314
数据运营,北京,本科,在校/应届,启图科技有限公司,少于50人,合资,1.4-1.8万/月,"excel, 数据可视化, sql, 数据分析, 用户增长",数据运营岗位：负责业务数据的采集、清洗与指标体系搭建。核心技能：excel、数据可视化、sql、数据分析、用户增长。要求具备扎实的编程基础与数据敏感度，熟悉主流工具链，有良好的团队协作与文档习惯。,2026-06-03,https://job.example.com/42_00315
大数据开发工程师,武汉,本科,1-3年,锐途数据有限公司,50-150人,上市公司,1.1-1.4万/月,"hive, linux, java, hadoop, spark",大数据开发工程师岗位：参与数据平台建设，保障数据质量与时效性。核心技能：hive、linux、java、hadoop、spark。要求具备扎实的编程基础与数据敏感度，熟悉主流工具链，有良好的团队协作与文档习惯。,2026-07-02,https://job.example.com/42_00316
数据运营,杭州,本科,1-3年,海数数据有限公司,2000人以上,外资,1.6-2.5万/月,"用户增长, sql, excel, 数据分析, 数据可视化",数据运营岗位：负责核心算法的调研、实现与线上效果优化。核心技能：用户增长、sql、excel、数据分析、数据可视化。要求具备扎实的编程基础与数据敏感度，熟悉主流工具链，有良好的团队协作与文档习惯。,2026-06-04,https://job.example.com/42_00317
数据运营,杭州,本科,在校/应届,海创数据有限公司,500-2000人,国企,14-21K·14薪,"数据可视化, 用户增长, sql, excel, 数据分析",数据运营岗位：参与数据平台建设，保障数据质量与时效性。核心技能：数据可视化、用户增长、sql、excel、数据分析。要求具备扎实的编程基础与数据敏感度，熟悉主流工具链，有良好的团队协作与文档习惯。,2026-07-13,https://job.example.com/42_00318
数据产品经理,广州,本科,3-5年,星合数据有限公司,2000人以上,国企,15-20K,"需求分析, 用户研究, excel, 数据可视化, 产品设计",数据产品经理岗位：参与数据平台建设，保障数据质量与时效性。核心技能：需求分析、用户研究、excel、数据可视化、产品设计。要求具备扎实的编程基础与数据敏感度，熟悉主流工具链，有良好的团队协作与文档习惯。,2026-06-19,https://job.example.com/42_00319
